Workbook

Sheet Notes
A1: Reserve Analysis - Complete Analysis
A2: Workbook Information
A3: Created: | B3: April 27, 2026 08:14 PM
A4: Description: | B4: Complete actuarial reserve analysis combining selections, ultimates, and diagnostics
A6: Table of Contents
A7: Name | B7: Description
A8: Loss Selection | B8: Actuary-selected ultimates for loss measures. Compare CL/BF/IE methods and record final selection.
A9: Incurred CL | B9: Chain Ladder method results. Ultimate = Actual × CDF. IBNR = Ultimate − Actual. Unpaid = Ultimate − latest paid (proxy measure).
A10: Paid CL | B10: Chain Ladder method results. Ultimate = Actual × CDF. IBNR = Ultimate − Actual. Unpaid = Ultimate − latest paid (proxy measure).
A11: Incurred BF | B11: Bornhuetter-Ferguson method. Blends Initial Expected with emerged experience. % Unreported = 1 − 1/CDF. Ultimate = (IE × % Unreported) + Actual.
A12: Paid BF | B12: Bornhuetter-Ferguson method. Blends Initial Expected with emerged experience. % Unreported = 1 − 1/CDF. Ultimate = (IE × % Unreported) + Actual.
A13: Incurred IE | B13: Initial Expected method. Ultimate = Exposure × Selected Loss Rate (ELR). ELR back-calculated from IE ultimate and exposure.
A14: Paid IE | B14: Initial Expected method. Ultimate = Exposure × Selected Loss Rate (ELR). ELR back-calculated from IE ultimate and exposure.
A15: Count Selection | B15: Analysis results
A16: Closed CL | B16: Chain Ladder method results. Ultimate = Actual × CDF. IBNR = Ultimate − Actual. Unpaid = Ultimate − latest paid (proxy measure).
A17: Reported CL | B17: Chain Ladder method results. Ultimate = Actual × CDF. IBNR = Ultimate − Actual. Unpaid = Ultimate − latest paid (proxy measure).
A18: Reported BF | B18: Bornhuetter-Ferguson method. Blends Initial Expected with emerged experience. % Unreported = 1 − 1/CDF. Ultimate = (IE × % Unreported) + Actual.
... A37: Diagnostics | B37: Post-selection reasonableness checks. Severity = Ultimate Loss / Ultimate Count. Loss Rate and Frequency require Exposure.

Sheet Loss Selection
A1: Accident Period | B1: Current Age | C1: Incurred | D1: Paid | E1: Incurred CL | F1: Paid CL | G1: Initial Expected | H1: Incurred BF | I1: Paid BF | J1: Selected Ultimate | K1: IBNR | L1: Unpaid | M1: Selected Reasoning
A2: 2001 | B2: 287 | C2: ='Incurred CL'!C2 | D2: ='Paid CL'!C2 | E2: ='Incurred CL'!E2 | F2: ='Paid CL'!E2 | G2: ='Incurred IE'!D2 | H2: ='Incurred BF'!H2 | I2: ='Paid BF'!H2 | J2: =IF('/sessions/eloquent-hopeful-babbage/mnt/sample-run/selections\[Ultimates.xlsx]Losses'!O2<>"",'/sessions/eloquent-hopeful-babbage/mnt/sample-run/selections\[Ultimates.xlsx]Losses'!O2,'/sessions/eloquent-hopeful-babbage/mnt/sample-run/selections\[Ultimates.xlsx]Losses'!K2) | K2: =J2-C2 | L2: =J2-D2 | M2: =IF('/sessions/eloquent-hopeful-babbage/mnt/sample-run/selections\[Ultimates.xlsx]Losses'!O2<>"",'/sessions/eloquent-hopeful-babbage/mnt/sample-run/selections\[Ultimates.xlsx]Losses'!P2,'/sessions/eloquent-hopeful-babbage/mnt/sample-run/selections\[Ultimates.xlsx]Losses'!L2)
A3: 2002 | B3: 275 | C3: ='Incurred CL'!C3 | D3: ='Paid CL'!C3 | E3: ='Incurred CL'!E3 | F3: ='Paid CL'!E3 | G3: ='Incurred IE'!D3 | H3: ='Incurred BF'!H3 | I3: ='Paid BF'!H3 | J3: =IF('/sessions/eloquent-hopeful-babbage/mnt/sample-run/selections\[Ultimates.xlsx]Losses'!O3<>"",'/sessions/eloquent-hopeful-babbage/mnt/sample-run/selections\[Ultimates.xlsx]Losses'!O3,'/sessions/eloquent-hopeful-babbage/mnt/sample-run/selections\[Ultimates.xlsx]Losses'!K3) | K3: =J3-C3 | L3: =J3-D3 | M3: =IF('/sessions/eloquent-hopeful-babbage/mnt/sample-run/selections\[Ultimates.xlsx]Losses'!O3<>"",'/sessions/eloquent-hopeful-babbage/mnt/sample-run/selections\[Ultimates.xlsx]Losses'!P3,'/sessions/eloquent-hopeful-babbage/mnt/sample-run/selections\[Ultimates.xlsx]Losses'!L3)
A4: 2003 | B4: 263 | C4: ='Incurred CL'!C4 | D4: ='Paid CL'!C4 | E4: ='Incurred CL'!E4 | F4: ='Paid CL'!E4 | G4: ='Incurred IE'!D4 | H4: ='Incurred BF'!H4 | I4: ='Paid BF'!H4 | J4: =IF('/sessions/eloquent-hopeful-babbage/mnt/sample-run/selections\[Ultimates.xlsx]Losses'!O4<>"",'/sessions/eloquent-hopeful-babbage/mnt/sample-run/selections\[Ultimates.xlsx]Losses'!O4,'/sessions/eloquent-hopeful-babbage/mnt/sample-run/selections\[Ultimates.xlsx]Losses'!K4) | K4: =J4-C4 | L4: =J4-D4 | M4: =IF('/sessions/eloquent-hopeful-babbage/mnt/sample-run/selections\[Ultimates.xlsx]Losses'!O4<>"",'/sessions/eloquent-hopeful-babbage/mnt/sample-run/selections\[Ultimates.xlsx]Losses'!P4,'/sessions/eloquent-hopeful-babbage/mnt/sample-run/selections\[Ultimates.xlsx]Losses'!L4)
A5: 2004 | B5: 251 | C5: ='Incurred CL'!C5 | D5: ='Paid CL'!C5 | E5: ='Incurred CL'!E5 | F5: ='Paid CL'!E5 | G5: ='Incurred IE'!D5 | H5: ='Incurred BF'!H5 | I5: ='Paid BF'!H5 | J5: =IF('/sessions/eloquent-hopeful-babbage/mnt/sample-run/selections\[Ultimates.xlsx]Losses'!O5<>"",'/sessions/eloquent-hopeful-babbage/mnt/sample-run/selections\[Ultimates.xlsx]Losses'!O5,'/sessions/eloquent-hopeful-babbage/mnt/sample-run/selections\[Ultimates.xlsx]Losses'!K5) | K5: =J5-C5 | L5: =J5-D5 | M5: =IF('/sessions/eloquent-hopeful-babbage/mnt/sample-run/selections\[Ultimates.xlsx]Losses'!O5<>"",'/sessions/eloquent-hopeful-babbage/mnt/sample-run/selections\[Ultimates.xlsx]Losses'!P5,'/sessions/eloquent-hopeful-babbage/mnt/sample-run/selections\[Ultimates.xlsx]Losses'!L5)
A6: 2005 | B6: 239 | C6: ='Incurred CL'!C6 | D6: ='Paid CL'!C6 | E6: ='Incurred CL'!E6 | F6: ='Paid CL'!E6 | G6: ='Incurred IE'!D6 | H6: ='Incurred BF'!H6 | I6: ='Paid BF'!H6 | J6: =IF('/sessions/eloquent-hopeful-babbage/mnt/sample-run/selections\[Ultimates.xlsx]Losses'!O6<>"",'/sessions/eloquent-hopeful-babbage/mnt/sample-run/selections\[Ultimates.xlsx]Losses'!O6,'/sessions/eloquent-hopeful-babbage/mnt/sample-run/selections\[Ultimates.xlsx]Losses'!K6) | K6: =J6-C6 | L6: =J6-D6 | M6: =IF('/sessions/eloquent-hopeful-babbage/mnt/sample-run/selections\[Ultimates.xlsx]Losses'!O6<>"",'/sessions/eloquent-hopeful-babbage/mnt/sample-run/selections\[Ultimates.xlsx]Losses'!P6,'/sessions/eloquent-hopeful-babbage/mnt/sample-run/selections\[Ultimates.xlsx]Losses'!L6)
A7: 2006 | B7: 227 | C7: ='Incurred CL'!C7 | D7: ='Paid CL'!C7 | E7: ='Incurred CL'!E7 | F7: ='Paid CL'!E7 | G7: ='Incurred IE'!D7 | H7: ='Incurred BF'!H7 | I7: ='Paid BF'!H7 | J7: =IF('/sessions/eloquent-hopeful-babbage/mnt/sample-run/selections\[Ultimates.xlsx]Losses'!O7<>"",'/sessions/eloquent-hopeful-babbage/mnt/sample-run/selections\[Ultimates.xlsx]Losses'!O7,'/sessions/eloquent-hopeful-babbage/mnt/sample-run/selections\[Ultimates.xlsx]Losses'!K7) | K7: =J7-C7 | L7: =J7-D7 | M7: =IF('/sessions/eloquent-hopeful-babbage/mnt/sample-run/selections\[Ultimates.xlsx]Losses'!O7<>"",'/sessions/eloquent-hopeful-babbage/mnt/sample-run/selections\[Ultimates.xlsx]Losses'!P7,'/sessions/eloquent-hopeful-babbage/mnt/sample-run/selections\[Ultimates.xlsx]Losses'!L7)
A8: 2007 | B8: 215 | C8: ='Incurred CL'!C8 | D8: ='Paid CL'!C8 | E8: ='Incurred CL'!E8 | F8: ='Paid CL'!E8 | G8: ='Incurred IE'!D8 | H8: ='Incurred BF'!H8 | I8: ='Paid BF'!H8 | J8: =IF('/sessions/eloquent-hopeful-babbage/mnt/sample-run/selections\[Ultimates.xlsx]Losses'!O8<>"",'/sessions/eloquent-hopeful-babbage/mnt/sample-run/selections\[Ultimates.xlsx]Losses'!O8,'/sessions/eloquent-hopeful-babbage/mnt/sample-run/selections\[Ultimates.xlsx]Losses'!K8) | K8: =J8-C8 | L8: =J8-D8 | M8: =IF('/sessions/eloquent-hopeful-babbage/mnt/sample-run/selections\[Ultimates.xlsx]Losses'!O8<>"",'/sessions/eloquent-hopeful-babbage/mnt/sample-run/selections\[Ultimates.xlsx]Losses'!P8,'/sessions/eloquent-hopeful-babbage/mnt/sample-run/selections\[Ultimates.xlsx]Losses'!L8)
A9: 2008 | B9: 203 | C9: ='Incurred CL'!C9 | D9: ='Paid CL'!C9 | E9: ='Incurred CL'!E9 | F9: ='Paid CL'!E9 | G9: ='Incurred IE'!D9 | H9: ='Incurred BF'!H9 | I9: ='Paid BF'!H9 | J9: =IF('/sessions/eloquent-hopeful-babbage/mnt/sample-run/selections\[Ultimates.xlsx]Losses'!O9<>"",'/sessions/eloquent-hopeful-babbage/mnt/sample-run/selections\[Ultimates.xlsx]Losses'!O9,'/sessions/eloquent-hopeful-babbage/mnt/sample-run/selections\[Ultimates.xlsx]Losses'!K9) | K9: =J9-C9 | L9: =J9-D9 | M9: =IF('/sessions/eloquent-hopeful-babbage/mnt/sample-run/selections\[Ultimates.xlsx]Losses'!O9<>"",'/sessions/eloquent-hopeful-babbage/mnt/sample-run/selections\[Ultimates.xlsx]Losses'!P9,'/sessions/eloquent-hopeful-babbage/mnt/sample-run/selections\[Ultimates.xlsx]Losses'!L9)
A10: 2009 | B10: 191 | C10: ='Incurred CL'!C10 | D10: ='Paid CL'!C10 | E10: ='Incurred CL'!E10 | F10: ='Paid CL'!E10 | G10: ='Incurred IE'!D10 | H10: ='Incurred BF'!H10 | I10: ='Paid BF'!H10 | J10: =IF('/sessions/eloquent-hopeful-babbage/mnt/sample-run/selections\[Ultimates.xlsx]Losses'!O10<>"",'/sessions/eloquent-hopeful-babbage/mnt/sample-run/selections\[Ultimates.xlsx]Losses'!O10,'/sessions/eloquent-hopeful-babbage/mnt/sample-run/selections\[Ultimates.xlsx]Losses'!K10) | K10: =J10-C10 | L10: =J10-D10 | M10: =IF('/sessions/eloquent-hopeful-babbage/mnt/sample-run/selections\[Ultimates.xlsx]Losses'!O10<>"",'/sessions/eloquent-hopeful-babbage/mnt/sample-run/selections\[Ultimates.xlsx]Losses'!P10,'/sessions/eloquent-hopeful-babbage/mnt/sample-run/selections\[Ultimates.xlsx]Losses'!L10)
A11: 2010 | B11: 179 | C11: ='Incurred CL'!C11 | D11: ='Paid CL'!C11 | E11: ='Incurred CL'!E11 | F11: ='Paid CL'!E11 | G11: ='Incurred IE'!D11 | H11: ='Incurred BF'!H11 | I11: ='Paid BF'!H11 | J11: =IF('/sessions/eloquent-hopeful-babbage/mnt/sample-run/selections\[Ultimates.xlsx]Losses'!O11<>"",'/sessions/eloquent-hopeful-babbage/mnt/sample-run/selections\[Ultimates.xlsx]Losses'!O11,'/sessions/eloquent-hopeful-babbage/mnt/sample-run/selections\[Ultimates.xlsx]Losses'!K11) | K11: =J11-C11 | L11: =J11-D11 | M11: =IF('/sessions/eloquent-hopeful-babbage/mnt/sample-run/selections\[Ultimates.xlsx]Losses'!O11<>"",'/sessions/eloquent-hopeful-babbage/mnt/sample-run/selections\[Ultimates.xlsx]Losses'!P11,'/sessions/eloquent-hopeful-babbage/mnt/sample-run/selections\[Ultimates.xlsx]Losses'!L11)
A12: 2011 | B12: 167 | C12: ='Incurred CL'!C12 | D12: ='Paid CL'!C12 | E12: ='Incurred CL'!E12 | F12: ='Paid CL'!E12 | G12: ='Incurred IE'!D12 | H12: ='Incurred BF'!H12 | I12: ='Paid BF'!H12 | J12: =IF('/sessions/eloquent-hopeful-babbage/mnt/sample-run/selections\[Ultimates.xlsx]Losses'!O12<>"",'/sessions/eloquent-hopeful-babbage/mnt/sample-run/selections\[Ultimates.xlsx]Losses'!O12,'/sessions/eloquent-hopeful-babbage/mnt/sample-run/selections\[Ultimates.xlsx]Losses'!K12) | K12: =J12-C12 | L12: =J12-D12 | M12: =IF('/sessions/eloquent-hopeful-babbage/mnt/sample-run/selections\[Ultimates.xlsx]Losses'!O12<>"",'/sessions/eloquent-hopeful-babbage/mnt/sample-run/selections\[Ultimates.xlsx]Losses'!P12,'/sessions/eloquent-hopeful-babbage/mnt/sample-run/selections\[Ultimates.xlsx]Losses'!L12)
A13: 2012 | B13: 155 | C13: ='Incurred CL'!C13 | D13: ='Paid CL'!C13 | E13: ='Incurred CL'!E13 | F13: ='Paid CL'!E13 | G13: ='Incurred IE'!D13 | H13: ='Incurred BF'!H13 | I13: ='Paid BF'!H13 | J13: =IF('/sessions/eloquent-hopeful-babbage/mnt/sample-run/selections\[Ultimates.xlsx]Losses'!O13<>"",'/sessions/eloquent-hopeful-babbage/mnt/sample-run/selections\[Ultimates.xlsx]Losses'!O13,'/sessions/eloquent-hopeful-babbage/mnt/sample-run/selections\[Ultimates.xlsx]Losses'!K13) | K13: =J13-C13 | L13: =J13-D13 | M13: =IF('/sessions/eloquent-hopeful-babbage/mnt/sample-run/selections\[Ultimates.xlsx]Losses'!O13<>"",'/sessions/eloquent-hopeful-babbage/mnt/sample-run/selections\[Ultimates.xlsx]Losses'!P13,'/sessions/eloquent-hopeful-babbage/mnt/sample-run/selections\[Ultimates.xlsx]Losses'!L13)
... A25: 2024 | B25: 11 | C25: ='Incurred CL'!C25 | D25: ='Paid CL'!C25 | E25: ='Incurred CL'!E25 | F25: ='Paid CL'!E25 | G25: ='Incurred IE'!D25 | H25: ='Incurred BF'!H25 | I25: ='Paid BF'!H25 | J25: =IF('/sessions/eloquent-hopeful-babbage/mnt/sample-run/selections\[Ultimates.xlsx]Losses'!O25<>"",'/sessions/eloquent-hopeful-babbage/mnt/sample-run/selections\[Ultimates.xlsx]Losses'!O25,'/sessions/eloquent-hopeful-babbage/mnt/sample-run/selections\[Ultimates.xlsx]Losses'!K25) | K25: =J25-C25 | L25: =J25-D25 | M25: =IF('/sessions/eloquent-hopeful-babbage/mnt/sample-run/selections\[Ultimates.xlsx]Losses'!O25<>"",'/sessions/eloquent-hopeful-babbage/mnt/sample-run/selections\[Ultimates.xlsx]Losses'!P25,'/sessions/eloquent-hopeful-babbage/mnt/sample-run/selections\[Ultimates.xlsx]Losses'!L25)
A27: Total | C27: =SUM(C2:C25) | D27: =SUM(D2:D25) | E27: =SUM(E2:E25) | F27: =SUM(F2:F25) | G27: =SUM(G2:G25) | H27: =SUM(H2:H25) | I27: =SUM(I2:I25) | J27: =SUM(J2:J25) | ... L27: =SUM(L2:L25)

Sheet Incurred CL
A1: Accident Period | B1: Current Age | C1: Incurred | D1: CDF | E1: Ultimate | F1: IBNR | G1: Unpaid
A2: 2001 | B2: 287 | C2: ='/sessions/eloquent-hopeful-babbage/mnt/sample-run/selections\[Ultimates.xlsx]Losses'!C2 | D2: 1.0215514 | E2: =IF(AND(ISNUMBER(C2),ISNUMBER(D2)),C2*D2,"") | F2: =E2-C2 | G2: =E2-'Paid CL'!C2
A3: 2002 | B3: 275 | C3: ='/sessions/eloquent-hopeful-babbage/mnt/sample-run/selections\[Ultimates.xlsx]Losses'!C3 | D3: 1.0337078 | E3: =IF(AND(ISNUMBER(C3),ISNUMBER(D3)),C3*D3,"") | F3: =E3-C3 | G3: =E3-'Paid CL'!C3
A4: 2003 | B4: 263 | C4: ='/sessions/eloquent-hopeful-babbage/mnt/sample-run/selections\[Ultimates.xlsx]Losses'!C4 | D4: 1.0337078 | E4: =IF(AND(ISNUMBER(C4),ISNUMBER(D4)),C4*D4,"") | F4: =E4-C4 | G4: =E4-'Paid CL'!C4
A5: 2004 | B5: 251 | C5: ='/sessions/eloquent-hopeful-babbage/mnt/sample-run/selections\[Ultimates.xlsx]Losses'!C5 | D5: 1.0516943 | E5: =IF(AND(ISNUMBER(C5),ISNUMBER(D5)),C5*D5,"") | F5: =E5-C5 | G5: =E5-'Paid CL'!C5
A6: 2005 | B6: 239 | C6: ='/sessions/eloquent-hopeful-babbage/mnt/sample-run/selections\[Ultimates.xlsx]Losses'!C6 | D6: 1.058951 | E6: =IF(AND(ISNUMBER(C6),ISNUMBER(D6)),C6*D6,"") | F6: =E6-C6 | G6: =E6-'Paid CL'!C6
A7: 2006 | B7: 227 | C7: ='/sessions/eloquent-hopeful-babbage/mnt/sample-run/selections\[Ultimates.xlsx]Losses'!C7 | D7: 1.0683757 | E7: =IF(AND(ISNUMBER(C7),ISNUMBER(D7)),C7*D7,"") | F7: =E7-C7 | G7: =E7-'Paid CL'!C7
A8: 2007 | B8: 215 | C8: ='/sessions/eloquent-hopeful-babbage/mnt/sample-run/selections\[Ultimates.xlsx]Losses'!C8 | D8: 1.0683757 | E8: =IF(AND(ISNUMBER(C8),ISNUMBER(D8)),C8*D8,"") | F8: =E8-C8 | G8: =E8-'Paid CL'!C8
A9: 2008 | B9: 203 | C9: ='Incurred'!R10 | D9: 1.0705124 | E9: =IF(AND(ISNUMBER(C9),ISNUMBER(D9)),C9*D9,"") | F9: =E9-C9 | G9: =E9-'Paid CL'!C9
A10: 2009 | B10: 191 | C10: ='Incurred'!Q11 | D10: 1.0786483 | E10: =IF(AND(ISNUMBER(C10),ISNUMBER(D10)),C10*D10,"") | F10: =E10-C10 | G10: =E10-'Paid CL'!C10
A11: 2010 | B11: 179 | C11: ='Incurred'!P12 | D11: 1.0825315 | E11: =IF(AND(ISNUMBER(C11),ISNUMBER(D11)),C11*D11,"") | F11: =E11-C11 | G11: =E11-'Paid CL'!C11
A12: 2011 | B12: 167 | C12: ='Incurred'!O13 | D12: 1.1053729 | E12: =IF(AND(ISNUMBER(C12),ISNUMBER(D12)),C12*D12,"") | F12: =E12-C12 | G12: =E12-'Paid CL'!C12
A13: 2012 | B13: 155 | C13: ='Incurred'!N14 | D13: 1.105815 | E13: =IF(AND(ISNUMBER(C13),ISNUMBER(D13)),C13*D13,"") | F13: =E13-C13 | G13: =E13-'Paid CL'!C13
A14: 2013 | B14: 143 | C14: ='Incurred'!M15 | D14: 1.1082478 | E14: =IF(AND(ISNUMBER(C14),ISNUMBER(D14)),C14*D14,"") | F14: =E14-C14 | G14: =E14-'Paid CL'!C14
A15: 2014 | B15: 131 | C15: ='Incurred'!L16 | D15: 1.1470365 | E15: =IF(AND(ISNUMBER(C15),ISNUMBER(D15)),C15*D15,"") | F15: =E15-C15 | G15: =E15-'Paid CL'!C15
A16: 2015 | B16: 119 | C16: ='Incurred'!K17 | D16: 1.1564422 | E16: =IF(AND(ISNUMBER(C16),ISNUMBER(D16)),C16*D16,"") | F16: =E16-C16 | G16: =E16-'Paid CL'!C16
A17: 2016 | B17: 107 | C17: ='Incurred'!J18 | D17: 1.2125296 | E17: =IF(AND(ISNUMBER(C17),ISNUMBER(D17)),C17*D17,"") | F17: =E17-C17 | G17: =E17-'Paid CL'!C17
A18: 2017 | B18: 95 | C18: ='Incurred'!I19 | D18: 1.2302326 | E18: =IF(AND(ISNUMBER(C18),ISNUMBER(D18)),C18*D18,"") | F18: =E18-C18 | G18: =E18-'Paid CL'!C18
A19: 2018 | B19: 83 | C19: ='Incurred'!H20 | D19: 1.2382291 | E19: =IF(AND(ISNUMBER(C19),ISNUMBER(D19)),C19*D19,"") | F19: =E19-C19 | G19: =E19-'Paid CL'!C19
A20: 2019 | B20: 71 | C20: ='Incurred'!G21 | D20: 1.345955 | E20: =IF(AND(ISNUMBER(C20),ISNUMBER(D20)),C20*D20,"") | F20: =E20-C20 | G20: =E20-'Paid CL'!C20
A21: 2020 | B21: 59 | C21: ='Incurred'!F22 | D21: 1.4841846 | E21: =IF(AND(ISNUMBER(C21),ISNUMBER(D21)),C21*D21,"") | F21: =E21-C21 | G21: =E21-'Paid CL'!C21
A22: 2021 | B22: 47 | C22: ='Incurred'!E23 | D22: 1.5683379 | E22: =IF(AND(ISNUMBER(C22),ISNUMBER(D22)),C22*D22,"") | F22: =E22-C22 | G22: =E22-'Paid CL'!C22
A23: 2022 | B23: 35 | C23: ='Incurred'!D24 | D23: 1.8823191 | E23: =IF(AND(ISNUMBER(C23),ISNUMBER(D23)),C23*D23,"") | F23: =E23-C23 | G23: =E23-'Paid CL'!C23
A24: 2023 | B24: 23 | C24: ='Incurred'!C25 | D24: 2.3670163 | E24: =IF(AND(ISNUMBER(C24),ISNUMBER(D24)),C24*D24,"") | F24: =E24-C24 | G24: =E24-'Paid CL'!C24
A25: 2024 | B25: 11 | C25: ='Incurred'!B26 | D25: 4.0296085 | E25: =IF(AND(ISNUMBER(C25),ISNUMBER(D25)),C25*D25,"") | F25: =E25-C25 | G25: =E25-'Paid CL'!C25
A27: Total | C27: =SUM(C2:C25) | E27: =SUM(E2:E25) | F27: =SUM(F2:F25) | G27: =SUM(G2:G25)

Sheet Paid CL
A1: Accident Period | B1: Current Age | C1: Paid | D1: CDF | E1: Ultimate | F1: IBNR | G1: Unpaid
A2: 2001 | B2: 287 | C2: ='/sessions/eloquent-hopeful-babbage/mnt/sample-run/selections\[Ultimates.xlsx]Losses'!D2 | D2: 1.0039 | E2: =IF(AND(ISNUMBER(C2),ISNUMBER(D2)),C2*D2,"") | F2: =E2-C2 | G2: =E2-C2
A3: 2002 | B3: 275 | C3: ='/sessions/eloquent-hopeful-babbage/mnt/sample-run/selections\[Ultimates.xlsx]Losses'!D3 | D3: 1.0078152 | E3: =IF(AND(ISNUMBER(C3),ISNUMBER(D3)),C3*D3,"") | F3: =E3-C3 | G3: =E3-C3
A4: 2003 | B4: 263 | C4: ='/sessions/eloquent-hopeful-babbage/mnt/sample-run/selections\[Ultimates.xlsx]Losses'!D4 | D4: 1.015273 | E4: =IF(AND(ISNUMBER(C4),ISNUMBER(D4)),C4*D4,"") | F4: =E4-C4 | G4: =E4-C4
A5: 2004 | B5: 251 | C5: ='/sessions/eloquent-hopeful-babbage/mnt/sample-run/selections\[Ultimates.xlsx]Losses'!D5 | D5: 1.0215677 | E5: =IF(AND(ISNUMBER(C5),ISNUMBER(D5)),C5*D5,"") | F5: =E5-C5 | G5: =E5-C5
A6: 2005 | B6: 239 | C6: ='/sessions/eloquent-hopeful-babbage/mnt/sample-run/selections\[Ultimates.xlsx]Losses'!D6 | D6: 1.0270842 | E6: =IF(AND(ISNUMBER(C6),ISNUMBER(D6)),C6*D6,"") | F6: =E6-C6 | G6: =E6-C6
A7: 2006 | B7: 227 | C7: ='/sessions/eloquent-hopeful-babbage/mnt/sample-run/selections\[Ultimates.xlsx]Losses'!D7 | D7: 1.0296519 | E7: =IF(AND(ISNUMBER(C7),ISNUMBER(D7)),C7*D7,"") | F7: =E7-C7 | G7: =E7-C7
A8: 2007 | B8: 215 | C8: ='/sessions/eloquent-hopeful-babbage/mnt/sample-run/selections\[Ultimates.xlsx]Losses'!D8 | D8: 1.0344913 | E8: =IF(AND(ISNUMBER(C8),ISNUMBER(D8)),C8*D8,"") | F8: =E8-C8 | G8: =E8-C8
A9: 2008 | B9: 203 | C9: ='Paid'!R10 | D9: 1.0366637 | E9: =IF(AND(ISNUMBER(C9),ISNUMBER(D9)),C9*D9,"") | F9: =E9-C9 | G9: =E9-C9
A10: 2009 | B10: 191 | C10: ='Paid'!Q11 | D10: 1.0485853 | E10: =IF(AND(ISNUMBER(C10),ISNUMBER(D10)),C10*D10,"") | F10: =E10-C10 | G10: =E10-C10
A11: 2010 | B11: 179 | C11: ='Paid'!P12 | D11: 1.0649433 | E11: =IF(AND(ISNUMBER(C11),ISNUMBER(D11)),C11*D11,"") | F11: =E11-C11 | G11: =E11-C11
A12: 2011 | B12: 167 | C12: ='Paid'!O13 | D12: 1.080172 | E12: =IF(AND(ISNUMBER(C12),ISNUMBER(D12)),C12*D12,"") | F12: =E12-C12 | G12: =E12-C12
A13: 2012 | B13: 155 | C13: ='Paid'!N14 | D13: 1.0946463 | E13: =IF(AND(ISNUMBER(C13),ISNUMBER(D13)),C13*D13,"") | F13: =E13-C13 | G13: =E13-C13
A14: 2013 | B14: 143 | C14: ='Paid'!M15 | D14: 1.1138026 | E14: =IF(AND(ISNUMBER(C14),ISNUMBER(D14)),C14*D14,"") | F14: =E14-C14 | G14: =E14-C14
A15: 2014 | B15: 131 | C15: ='Paid'!L16 | D15: 1.1348534 | E15: =IF(AND(ISNUMBER(C15),ISNUMBER(D15)),C15*D15,"") | F15: =E15-C15 | G15: =E15-C15
A16: 2015 | B16: 119 | C16: ='Paid'!K17 | D16: 1.1442727 | E16: =IF(AND(ISNUMBER(C16),ISNUMBER(D16)),C16*D16,"") | F16: =E16-C16 | G16: =E16-C16
A17: 2016 | B17: 107 | C17: ='Paid'!J18 | D17: 1.2180783 | E17: =IF(AND(ISNUMBER(C17),ISNUMBER(D17)),C17*D17,"") | F17: =E17-C17 | G17: =E17-C17
A18: 2017 | B18: 95 | C18: ='Paid'!I19 | D18: 1.234157 | E18: =IF(AND(ISNUMBER(C18),ISNUMBER(D18)),C18*D18,"") | F18: =E18-C18 | G18: =E18-C18
A19: 2018 | B19: 83 | C19: ='Paid'!H20 | D19: 1.2746373 | E19: =IF(AND(ISNUMBER(C19),ISNUMBER(D19)),C19*D19,"") | F19: =E19-C19 | G19: =E19-C19
A20: 2019 | B20: 71 | C20: ='Paid'!G21 | D20: 1.4110235 | E20: =IF(AND(ISNUMBER(C20),ISNUMBER(D20)),C20*D20,"") | F20: =E20-C20 | G20: =E20-C20
A21: 2020 | B21: 59 | C21: ='Paid'!F22 | D21: 1.5792175 | E21: =IF(AND(ISNUMBER(C21),ISNUMBER(D21)),C21*D21,"") | F21: =E21-C21 | G21: =E21-C21
A22: 2021 | B22: 47 | C22: ='Paid'!E23 | D22: 1.733665 | E22: =IF(AND(ISNUMBER(C22),ISNUMBER(D22)),C22*D22,"") | F22: =E22-C22 | G22: =E22-C22
A23: 2022 | B23: 35 | C23: ='Paid'!D24 | D23: 2.0802246 | E23: =IF(AND(ISNUMBER(C23),ISNUMBER(D23)),C23*D23,"") | F23: =E23-C23 | G23: =E23-C23
A24: 2023 | B24: 23 | C24: ='Paid'!C25 | D24: 2.9589115 | E24: =IF(AND(ISNUMBER(C24),ISNUMBER(D24)),C24*D24,"") | F24: =E24-C24 | G24: =E24-C24
A25: 2024 | B25: 11 | C25: ='Paid'!B26 | D25: 7.7618165 | E25: =IF(AND(ISNUMBER(C25),ISNUMBER(D25)),C25*D25,"") | F25: =E25-C25 | G25: =E25-C25
A27: Total | C27: =SUM(C2:C25) | E27: =SUM(E2:E25) | F27: =SUM(F2:F25) | G27: =SUM(G2:G25)

Sheet Incurred BF
A1: Accident Period | B1: Current Age | C1: Initial Expected | D1: CDF | E1: % Unreported | F1: Unreported | G1: Incurred | H1: Ultimate | I1: IBNR | J1: Unpaid
A2: 2001 | B2: 287 | C2: ='Incurred IE'!D2 | D2: ='Incurred CL'!D2 | E2: =1-(1/D2) | F2: =C2*E2 | G2: ='Incurred CL'!C2 | H2: =F2+G2 | I2: =H2-G2 | J2: =H2-'Paid CL'!C2
A3: 2002 | B3: 275 | C3: ='Incurred IE'!D3 | D3: ='Incurred CL'!D3 | E3: =1-(1/D3) | F3: =C3*E3 | G3: ='Incurred CL'!C3 | H3: =F3+G3 | I3: =H3-G3 | J3: =H3-'Paid CL'!C3
A4: 2003 | B4: 263 | C4: ='Incurred IE'!D4 | D4: ='Incurred CL'!D4 | E4: =1-(1/D4) | F4: =C4*E4 | G4: ='Incurred CL'!C4 | H4: =F4+G4 | I4: =H4-G4 | J4: =H4-'Paid CL'!C4
A5: 2004 | B5: 251 | C5: ='Incurred IE'!D5 | D5: ='Incurred CL'!D5 | E5: =1-(1/D5) | F5: =C5*E5 | G5: ='Incurred CL'!C5 | H5: =F5+G5 | I5: =H5-G5 | J5: =H5-'Paid CL'!C5
A6: 2005 | B6: 239 | C6: ='Incurred IE'!D6 | D6: ='Incurred CL'!D6 | E6: =1-(1/D6) | F6: =C6*E6 | G6: ='Incurred CL'!C6 | H6: =F6+G6 | I6: =H6-G6 | J6: =H6-'Paid CL'!C6
A7: 2006 | B7: 227 | C7: ='Incurred IE'!D7 | D7: ='Incurred CL'!D7 | E7: =1-(1/D7) | F7: =C7*E7 | G7: ='Incurred CL'!C7 | H7: =F7+G7 | I7: =H7-G7 | J7: =H7-'Paid CL'!C7
A8: 2007 | B8: 215 | C8: ='Incurred IE'!D8 | D8: ='Incurred CL'!D8 | E8: =1-(1/D8) | F8: =C8*E8 | G8: ='Incurred CL'!C8 | H8: =F8+G8 | I8: =H8-G8 | J8: =H8-'Paid CL'!C8
A9: 2008 | B9: 203 | C9: ='Incurred IE'!D9 | D9: ='Incurred CL'!D9 | E9: =1-(1/D9) | F9: =C9*E9 | G9: ='Incurred CL'!C9 | H9: =F9+G9 | I9: =H9-G9 | J9: =H9-'Paid CL'!C9
A10: 2009 | B10: 191 | C10: ='Incurred IE'!D10 | D10: ='Incurred CL'!D10 | E10: =1-(1/D10) | F10: =C10*E10 | G10: ='Incurred CL'!C10 | H10: =F10+G10 | I10: =H10-G10 | J10: =H10-'Paid CL'!C10
A11: 2010 | B11: 179 | C11: ='Incurred IE'!D11 | D11: ='Incurred CL'!D11 | E11: =1-(1/D11) | F11: =C11*E11 | G11: ='Incurred CL'!C11 | H11: =F11+G11 | I11: =H11-G11 | J11: =H11-'Paid CL'!C11
A12: 2011 | B12: 167 | C12: ='Incurred IE'!D12 | D12: ='Incurred CL'!D12 | E12: =1-(1/D12) | F12: =C12*E12 | G12: ='Incurred CL'!C12 | H12: =F12+G12 | I12: =H12-G12 | J12: =H12-'Paid CL'!C12
A13: 2012 | B13: 155 | C13: ='Incurred IE'!D13 | D13: ='Incurred CL'!D13 | E13: =1-(1/D13) | F13: =C13*E13 | G13: ='Incurred CL'!C13 | H13: =F13+G13 | I13: =H13-G13 | J13: =H13-'Paid CL'!C13
... A25: 2024 | B25: 11 | C25: ='Incurred IE'!D25 | D25: ='Incurred CL'!D25 | E25: =1-(1/D25) | F25: =C25*E25 | G25: ='Incurred CL'!C25 | H25: =F25+G25 | I25: =H25-G25 | J25: =H25-'Paid CL'!C25
A27: Total | C27: =SUM(C2:C25) | E27: =SUM(F2:F25)/SUM(C2:C25) | F27: =SUM(F2:F25) | G27: =SUM(G2:G25) | H27: =SUM(H2:H25) | I27: =SUM(I2:I25) | J27: =SUM(J2:J25)

Sheet Paid BF
A1: Accident Period | B1: Current Age | C1: Initial Expected | D1: CDF | E1: % Unreported | F1: Unreported | G1: Paid | H1: Ultimate | I1: IBNR | J1: Unpaid
A2: 2001 | B2: 287 | C2: ='Paid IE'!D2 | D2: ='Paid CL'!D2 | E2: =1-(1/D2) | F2: =C2*E2 | G2: ='Paid CL'!C2 | H2: =F2+G2 | I2: =H2-G2 | J2: =H2-G2
A3: 2002 | B3: 275 | C3: ='Paid IE'!D3 | D3: ='Paid CL'!D3 | E3: =1-(1/D3) | F3: =C3*E3 | G3: ='Paid CL'!C3 | H3: =F3+G3 | I3: =H3-G3 | J3: =H3-G3
A4: 2003 | B4: 263 | C4: ='Paid IE'!D4 | D4: ='Paid CL'!D4 | E4: =1-(1/D4) | F4: =C4*E4 | G4: ='Paid CL'!C4 | H4: =F4+G4 | I4: =H4-G4 | J4: =H4-G4
A5: 2004 | B5: 251 | C5: ='Paid IE'!D5 | D5: ='Paid CL'!D5 | E5: =1-(1/D5) | F5: =C5*E5 | G5: ='Paid CL'!C5 | H5: =F5+G5 | I5: =H5-G5 | J5: =H5-G5
A6: 2005 | B6: 239 | C6: ='Paid IE'!D6 | D6: ='Paid CL'!D6 | E6: =1-(1/D6) | F6: =C6*E6 | G6: ='Paid CL'!C6 | H6: =F6+G6 | I6: =H6-G6 | J6: =H6-G6
A7: 2006 | B7: 227 | C7: ='Paid IE'!D7 | D7: ='Paid CL'!D7 | E7: =1-(1/D7) | F7: =C7*E7 | G7: ='Paid CL'!C7 | H7: =F7+G7 | I7: =H7-G7 | J7: =H7-G7
A8: 2007 | B8: 215 | C8: ='Paid IE'!D8 | D8: ='Paid CL'!D8 | E8: =1-(1/D8) | F8: =C8*E8 | G8: ='Paid CL'!C8 | H8: =F8+G8 | I8: =H8-G8 | J8: =H8-G8
A9: 2008 | B9: 203 | C9: ='Paid IE'!D9 | D9: ='Paid CL'!D9 | E9: =1-(1/D9) | F9: =C9*E9 | G9: ='Paid CL'!C9 | H9: =F9+G9 | I9: =H9-G9 | J9: =H9-G9
A10: 2009 | B10: 191 | C10: ='Paid IE'!D10 | D10: ='Paid CL'!D10 | E10: =1-(1/D10) | F10: =C10*E10 | G10: ='Paid CL'!C10 | H10: =F10+G10 | I10: =H10-G10 | J10: =H10-G10
A11: 2010 | B11: 179 | C11: ='Paid IE'!D11 | D11: ='Paid CL'!D11 | E11: =1-(1/D11) | F11: =C11*E11 | G11: ='Paid CL'!C11 | H11: =F11+G11 | I11: =H11-G11 | J11: =H11-G11
A12: 2011 | B12: 167 | C12: ='Paid IE'!D12 | D12: ='Paid CL'!D12 | E12: =1-(1/D12) | F12: =C12*E12 | G12: ='Paid CL'!C12 | H12: =F12+G12 | I12: =H12-G12 | J12: =H12-G12
A13: 2012 | B13: 155 | C13: ='Paid IE'!D13 | D13: ='Paid CL'!D13 | E13: =1-(1/D13) | F13: =C13*E13 | G13: ='Paid CL'!C13 | H13: =F13+G13 | I13: =H13-G13 | J13: =H13-G13
... A25: 2024 | B25: 11 | C25: ='Paid IE'!D25 | D25: ='Paid CL'!D25 | E25: =1-(1/D25) | F25: =C25*E25 | G25: ='Paid CL'!C25 | H25: =F25+G25 | I25: =H25-G25 | J25: =H25-G25
A27: Total | C27: =SUM(C2:C25) | E27: =SUM(F2:F25)/SUM(C2:C25) | F27: =SUM(F2:F25) | G27: =SUM(G2:G25) | H27: =SUM(H2:H25) | I27: =SUM(I2:I25) | J27: =SUM(J2:J25)

Sheet Incurred IE
A1: Accident Period | B1: Current Age | C1: Exposure | D1: IE Ultimate | E1: Selected Loss Rate
A2: 2001 | B2: 287 | C2: ='/sessions/eloquent-hopeful-babbage/mnt/sample-run/selections\[Chain Ladder Selections - LDFs.xlsx]Exposure'!B3 | D2: ='/sessions/eloquent-hopeful-babbage/mnt/sample-run/selections\[Ultimates.xlsx]Losses'!G2 | E2: =D2/C2
A3: 2002 | B3: 275 | C3: ='/sessions/eloquent-hopeful-babbage/mnt/sample-run/selections\[Chain Ladder Selections - LDFs.xlsx]Exposure'!B4 | D3: ='/sessions/eloquent-hopeful-babbage/mnt/sample-run/selections\[Ultimates.xlsx]Losses'!G3 | E3: =D3/C3
A4: 2003 | B4: 263 | C4: ='/sessions/eloquent-hopeful-babbage/mnt/sample-run/selections\[Chain Ladder Selections - LDFs.xlsx]Exposure'!B5 | D4: ='/sessions/eloquent-hopeful-babbage/mnt/sample-run/selections\[Ultimates.xlsx]Losses'!G4 | E4: =D4/C4
A5: 2004 | B5: 251 | C5: ='/sessions/eloquent-hopeful-babbage/mnt/sample-run/selections\[Chain Ladder Selections - LDFs.xlsx]Exposure'!B6 | D5: ='/sessions/eloquent-hopeful-babbage/mnt/sample-run/selections\[Ultimates.xlsx]Losses'!G5 | E5: =D5/C5
A6: 2005 | B6: 239 | C6: ='/sessions/eloquent-hopeful-babbage/mnt/sample-run/selections\[Chain Ladder Selections - LDFs.xlsx]Exposure'!B7 | D6: ='/sessions/eloquent-hopeful-babbage/mnt/sample-run/selections\[Ultimates.xlsx]Losses'!G6 | E6: =D6/C6
A7: 2006 | B7: 227 | C7: ='/sessions/eloquent-hopeful-babbage/mnt/sample-run/selections\[Chain Ladder Selections - LDFs.xlsx]Exposure'!B8 | D7: ='/sessions/eloquent-hopeful-babbage/mnt/sample-run/selections\[Ultimates.xlsx]Losses'!G7 | E7: =D7/C7
A8: 2007 | B8: 215 | C8: ='/sessions/eloquent-hopeful-babbage/mnt/sample-run/selections\[Chain Ladder Selections - LDFs.xlsx]Exposure'!B9 | D8: ='/sessions/eloquent-hopeful-babbage/mnt/sample-run/selections\[Ultimates.xlsx]Losses'!G8 | E8: =D8/C8
A9: 2008 | B9: 203 | C9: ='/sessions/eloquent-hopeful-babbage/mnt/sample-run/selections\[Chain Ladder Selections - LDFs.xlsx]Exposure'!B10 | D9: ='/sessions/eloquent-hopeful-babbage/mnt/sample-run/selections\[Ultimates.xlsx]Losses'!G9 | E9: =D9/C9
A10: 2009 | B10: 191 | C10: ='/sessions/eloquent-hopeful-babbage/mnt/sample-run/selections\[Chain Ladder Selections - LDFs.xlsx]Exposure'!B11 | D10: ='/sessions/eloquent-hopeful-babbage/mnt/sample-run/selections\[Ultimates.xlsx]Losses'!G10 | E10: =D10/C10
A11: 2010 | B11: 179 | C11: ='/sessions/eloquent-hopeful-babbage/mnt/sample-run/selections\[Chain Ladder Selections - LDFs.xlsx]Exposure'!B12 | D11: ='/sessions/eloquent-hopeful-babbage/mnt/sample-run/selections\[Ultimates.xlsx]Losses'!G11 | E11: =D11/C11
A12: 2011 | B12: 167 | C12: ='/sessions/eloquent-hopeful-babbage/mnt/sample-run/selections\[Chain Ladder Selections - LDFs.xlsx]Exposure'!B13 | D12: ='/sessions/eloquent-hopeful-babbage/mnt/sample-run/selections\[Ultimates.xlsx]Losses'!G12 | E12: =D12/C12
A13: 2012 | B13: 155 | C13: ='/sessions/eloquent-hopeful-babbage/mnt/sample-run/selections\[Chain Ladder Selections - LDFs.xlsx]Exposure'!B14 | D13: ='/sessions/eloquent-hopeful-babbage/mnt/sample-run/selections\[Ultimates.xlsx]Losses'!G13 | E13: =D13/C13
... A25: 2024 | B25: 11 | C25: ='/sessions/eloquent-hopeful-babbage/mnt/sample-run/selections\[Chain Ladder Selections - LDFs.xlsx]Exposure'!B26 | D25: ='/sessions/eloquent-hopeful-babbage/mnt/sample-run/selections\[Ultimates.xlsx]Losses'!G25 | E25: =D25/C25

Sheet Paid IE
A1: Accident Period | B1: Current Age | C1: Exposure | D1: IE Ultimate | E1: Selected Loss Rate
A2: 2001 | B2: 287 | C2: ='/sessions/eloquent-hopeful-babbage/mnt/sample-run/selections\[Chain Ladder Selections - LDFs.xlsx]Exposure'!B3 | D2: ='/sessions/eloquent-hopeful-babbage/mnt/sample-run/selections\[Ultimates.xlsx]Losses'!H2 | E2: =D2/C2
A3: 2002 | B3: 275 | C3: ='/sessions/eloquent-hopeful-babbage/mnt/sample-run/selections\[Chain Ladder Selections - LDFs.xlsx]Exposure'!B4 | D3: ='/sessions/eloquent-hopeful-babbage/mnt/sample-run/selections\[Ultimates.xlsx]Losses'!H3 | E3: =D3/C3
A4: 2003 | B4: 263 | C4: ='/sessions/eloquent-hopeful-babbage/mnt/sample-run/selections\[Chain Ladder Selections - LDFs.xlsx]Exposure'!B5 | D4: ='/sessions/eloquent-hopeful-babbage/mnt/sample-run/selections\[Ultimates.xlsx]Losses'!H4 | E4: =D4/C4
A5: 2004 | B5: 251 | C5: ='/sessions/eloquent-hopeful-babbage/mnt/sample-run/selections\[Chain Ladder Selections - LDFs.xlsx]Exposure'!B6 | D5: ='/sessions/eloquent-hopeful-babbage/mnt/sample-run/selections\[Ultimates.xlsx]Losses'!H5 | E5: =D5/C5
A6: 2005 | B6: 239 | C6: ='/sessions/eloquent-hopeful-babbage/mnt/sample-run/selections\[Chain Ladder Selections - LDFs.xlsx]Exposure'!B7 | D6: ='/sessions/eloquent-hopeful-babbage/mnt/sample-run/selections\[Ultimates.xlsx]Losses'!H6 | E6: =D6/C6
A7: 2006 | B7: 227 | C7: ='/sessions/eloquent-hopeful-babbage/mnt/sample-run/selections\[Chain Ladder Selections - LDFs.xlsx]Exposure'!B8 | D7: ='/sessions/eloquent-hopeful-babbage/mnt/sample-run/selections\[Ultimates.xlsx]Losses'!H7 | E7: =D7/C7
A8: 2007 | B8: 215 | C8: ='/sessions/eloquent-hopeful-babbage/mnt/sample-run/selections\[Chain Ladder Selections - LDFs.xlsx]Exposure'!B9 | D8: ='/sessions/eloquent-hopeful-babbage/mnt/sample-run/selections\[Ultimates.xlsx]Losses'!H8 | E8: =D8/C8
A9: 2008 | B9: 203 | C9: ='/sessions/eloquent-hopeful-babbage/mnt/sample-run/selections\[Chain Ladder Selections - LDFs.xlsx]Exposure'!B10 | D9: ='/sessions/eloquent-hopeful-babbage/mnt/sample-run/selections\[Ultimates.xlsx]Losses'!H9 | E9: =D9/C9
A10: 2009 | B10: 191 | C10: ='/sessions/eloquent-hopeful-babbage/mnt/sample-run/selections\[Chain Ladder Selections - LDFs.xlsx]Exposure'!B11 | D10: ='/sessions/eloquent-hopeful-babbage/mnt/sample-run/selections\[Ultimates.xlsx]Losses'!H10 | E10: =D10/C10
A11: 2010 | B11: 179 | C11: ='/sessions/eloquent-hopeful-babbage/mnt/sample-run/selections\[Chain Ladder Selections - LDFs.xlsx]Exposure'!B12 | D11: ='/sessions/eloquent-hopeful-babbage/mnt/sample-run/selections\[Ultimates.xlsx]Losses'!H11 | E11: =D11/C11
A12: 2011 | B12: 167 | C12: ='/sessions/eloquent-hopeful-babbage/mnt/sample-run/selections\[Chain Ladder Selections - LDFs.xlsx]Exposure'!B13 | D12: ='/sessions/eloquent-hopeful-babbage/mnt/sample-run/selections\[Ultimates.xlsx]Losses'!H12 | E12: =D12/C12
A13: 2012 | B13: 155 | C13: ='/sessions/eloquent-hopeful-babbage/mnt/sample-run/selections\[Chain Ladder Selections - LDFs.xlsx]Exposure'!B14 | D13: ='/sessions/eloquent-hopeful-babbage/mnt/sample-run/selections\[Ultimates.xlsx]Losses'!H13 | E13: =D13/C13
... A25: 2024 | B25: 11 | C25: ='/sessions/eloquent-hopeful-babbage/mnt/sample-run/selections\[Chain Ladder Selections - LDFs.xlsx]Exposure'!B26 | D25: ='/sessions/eloquent-hopeful-babbage/mnt/sample-run/selections\[Ultimates.xlsx]Losses'!H25 | E25: =D25/C25

Sheet Count Selection
A1: Accident Period | B1: Current Age | C1: Reported | D1: Reported CL | E1: Initial Expected | F1: Reported BF | G1: Selected Ultimate | H1: IBNR | I1: Unpaid | J1: Selected Reasoning
A2: 2001 | B2: 287 | C2: ='Reported CL'!C2 | D2: ='Reported CL'!E2 | E2: ='Reported IE'!D2 | F2: ='Reported BF'!H2 | G2: =IF('/sessions/eloquent-hopeful-babbage/mnt/sample-run/selections\[Ultimates.xlsx]Counts'!K2<>"",'/sessions/eloquent-hopeful-babbage/mnt/sample-run/selections\[Ultimates.xlsx]Counts'!K2,'/sessions/eloquent-hopeful-babbage/mnt/sample-run/selections\[Ultimates.xlsx]Counts'!G2) | H2: =G2-C2 | I2: =G2-C2 | J2: =IF('/sessions/eloquent-hopeful-babbage/mnt/sample-run/selections\[Ultimates.xlsx]Counts'!K2<>"",'/sessions/eloquent-hopeful-babbage/mnt/sample-run/selections\[Ultimates.xlsx]Counts'!L2,'/sessions/eloquent-hopeful-babbage/mnt/sample-run/selections\[Ultimates.xlsx]Counts'!H2)
A3: 2002 | B3: 275 | C3: ='Reported CL'!C3 | D3: ='Reported CL'!E3 | E3: ='Reported IE'!D3 | F3: ='Reported BF'!H3 | G3: =IF('/sessions/eloquent-hopeful-babbage/mnt/sample-run/selections\[Ultimates.xlsx]Counts'!K3<>"",'/sessions/eloquent-hopeful-babbage/mnt/sample-run/selections\[Ultimates.xlsx]Counts'!K3,'/sessions/eloquent-hopeful-babbage/mnt/sample-run/selections\[Ultimates.xlsx]Counts'!G3) | H3: =G3-C3 | I3: =G3-C3 | J3: =IF('/sessions/eloquent-hopeful-babbage/mnt/sample-run/selections\[Ultimates.xlsx]Counts'!K3<>"",'/sessions/eloquent-hopeful-babbage/mnt/sample-run/selections\[Ultimates.xlsx]Counts'!L3,'/sessions/eloquent-hopeful-babbage/mnt/sample-run/selections\[Ultimates.xlsx]Counts'!H3)
A4: 2003 | B4: 263 | C4: ='Reported CL'!C4 | D4: ='Reported CL'!E4 | E4: ='Reported IE'!D4 | F4: ='Reported BF'!H4 | G4: =IF('/sessions/eloquent-hopeful-babbage/mnt/sample-run/selections\[Ultimates.xlsx]Counts'!K4<>"",'/sessions/eloquent-hopeful-babbage/mnt/sample-run/selections\[Ultimates.xlsx]Counts'!K4,'/sessions/eloquent-hopeful-babbage/mnt/sample-run/selections\[Ultimates.xlsx]Counts'!G4) | H4: =G4-C4 | I4: =G4-C4 | J4: =IF('/sessions/eloquent-hopeful-babbage/mnt/sample-run/selections\[Ultimates.xlsx]Counts'!K4<>"",'/sessions/eloquent-hopeful-babbage/mnt/sample-run/selections\[Ultimates.xlsx]Counts'!L4,'/sessions/eloquent-hopeful-babbage/mnt/sample-run/selections\[Ultimates.xlsx]Counts'!H4)
A5: 2004 | B5: 251 | C5: ='Reported CL'!C5 | D5: ='Reported CL'!E5 | E5: ='Reported IE'!D5 | F5: ='Reported BF'!H5 | G5: =IF('/sessions/eloquent-hopeful-babbage/mnt/sample-run/selections\[Ultimates.xlsx]Counts'!K5<>"",'/sessions/eloquent-hopeful-babbage/mnt/sample-run/selections\[Ultimates.xlsx]Counts'!K5,'/sessions/eloquent-hopeful-babbage/mnt/sample-run/selections\[Ultimates.xlsx]Counts'!G5) | H5: =G5-C5 | I5: =G5-C5 | J5: =IF('/sessions/eloquent-hopeful-babbage/mnt/sample-run/selections\[Ultimates.xlsx]Counts'!K5<>"",'/sessions/eloquent-hopeful-babbage/mnt/sample-run/selections\[Ultimates.xlsx]Counts'!L5,'/sessions/eloquent-hopeful-babbage/mnt/sample-run/selections\[Ultimates.xlsx]Counts'!H5)
A6: 2005 | B6: 239 | C6: ='Reported CL'!C6 | D6: ='Reported CL'!E6 | E6: ='Reported IE'!D6 | F6: ='Reported BF'!H6 | G6: =IF('/sessions/eloquent-hopeful-babbage/mnt/sample-run/selections\[Ultimates.xlsx]Counts'!K6<>"",'/sessions/eloquent-hopeful-babbage/mnt/sample-run/selections\[Ultimates.xlsx]Counts'!K6,'/sessions/eloquent-hopeful-babbage/mnt/sample-run/selections\[Ultimates.xlsx]Counts'!G6) | H6: =G6-C6 | I6: =G6-C6 | J6: =IF('/sessions/eloquent-hopeful-babbage/mnt/sample-run/selections\[Ultimates.xlsx]Counts'!K6<>"",'/sessions/eloquent-hopeful-babbage/mnt/sample-run/selections\[Ultimates.xlsx]Counts'!L6,'/sessions/eloquent-hopeful-babbage/mnt/sample-run/selections\[Ultimates.xlsx]Counts'!H6)
A7: 2006 | B7: 227 | C7: ='Reported CL'!C7 | D7: ='Reported CL'!E7 | E7: ='Reported IE'!D7 | F7: ='Reported BF'!H7 | G7: =IF('/sessions/eloquent-hopeful-babbage/mnt/sample-run/selections\[Ultimates.xlsx]Counts'!K7<>"",'/sessions/eloquent-hopeful-babbage/mnt/sample-run/selections\[Ultimates.xlsx]Counts'!K7,'/sessions/eloquent-hopeful-babbage/mnt/sample-run/selections\[Ultimates.xlsx]Counts'!G7) | H7: =G7-C7 | I7: =G7-C7 | J7: =IF('/sessions/eloquent-hopeful-babbage/mnt/sample-run/selections\[Ultimates.xlsx]Counts'!K7<>"",'/sessions/eloquent-hopeful-babbage/mnt/sample-run/selections\[Ultimates.xlsx]Counts'!L7,'/sessions/eloquent-hopeful-babbage/mnt/sample-run/selections\[Ultimates.xlsx]Counts'!H7)
A8: 2007 | B8: 215 | C8: ='Reported CL'!C8 | D8: ='Reported CL'!E8 | E8: ='Reported IE'!D8 | F8: ='Reported BF'!H8 | G8: =IF('/sessions/eloquent-hopeful-babbage/mnt/sample-run/selections\[Ultimates.xlsx]Counts'!K8<>"",'/sessions/eloquent-hopeful-babbage/mnt/sample-run/selections\[Ultimates.xlsx]Counts'!K8,'/sessions/eloquent-hopeful-babbage/mnt/sample-run/selections\[Ultimates.xlsx]Counts'!G8) | H8: =G8-C8 | I8: =G8-C8 | J8: =IF('/sessions/eloquent-hopeful-babbage/mnt/sample-run/selections\[Ultimates.xlsx]Counts'!K8<>"",'/sessions/eloquent-hopeful-babbage/mnt/sample-run/selections\[Ultimates.xlsx]Counts'!L8,'/sessions/eloquent-hopeful-babbage/mnt/sample-run/selections\[Ultimates.xlsx]Counts'!H8)
A9: 2008 | B9: 203 | C9: ='Reported CL'!C9 | D9: ='Reported CL'!E9 | E9: ='Reported IE'!D9 | F9: ='Reported BF'!H9 | G9: =IF('/sessions/eloquent-hopeful-babbage/mnt/sample-run/selections\[Ultimates.xlsx]Counts'!K9<>"",'/sessions/eloquent-hopeful-babbage/mnt/sample-run/selections\[Ultimates.xlsx]Counts'!K9,'/sessions/eloquent-hopeful-babbage/mnt/sample-run/selections\[Ultimates.xlsx]Counts'!G9) | H9: =G9-C9 | I9: =G9-C9 | J9: =IF('/sessions/eloquent-hopeful-babbage/mnt/sample-run/selections\[Ultimates.xlsx]Counts'!K9<>"",'/sessions/eloquent-hopeful-babbage/mnt/sample-run/selections\[Ultimates.xlsx]Counts'!L9,'/sessions/eloquent-hopeful-babbage/mnt/sample-run/selections\[Ultimates.xlsx]Counts'!H9)
A10: 2009 | B10: 191 | C10: ='Reported CL'!C10 | D10: ='Reported CL'!E10 | E10: ='Reported IE'!D10 | F10: ='Reported BF'!H10 | G10: =IF('/sessions/eloquent-hopeful-babbage/mnt/sample-run/selections\[Ultimates.xlsx]Counts'!K10<>"",'/sessions/eloquent-hopeful-babbage/mnt/sample-run/selections\[Ultimates.xlsx]Counts'!K10,'/sessions/eloquent-hopeful-babbage/mnt/sample-run/selections\[Ultimates.xlsx]Counts'!G10) | H10: =G10-C10 | I10: =G10-C10 | J10: =IF('/sessions/eloquent-hopeful-babbage/mnt/sample-run/selections\[Ultimates.xlsx]Counts'!K10<>"",'/sessions/eloquent-hopeful-babbage/mnt/sample-run/selections\[Ultimates.xlsx]Counts'!L10,'/sessions/eloquent-hopeful-babbage/mnt/sample-run/selections\[Ultimates.xlsx]Counts'!H10)
A11: 2010 | B11: 179 | C11: ='Reported CL'!C11 | D11: ='Reported CL'!E11 | E11: ='Reported IE'!D11 | F11: ='Reported BF'!H11 | G11: =IF('/sessions/eloquent-hopeful-babbage/mnt/sample-run/selections\[Ultimates.xlsx]Counts'!K11<>"",'/sessions/eloquent-hopeful-babbage/mnt/sample-run/selections\[Ultimates.xlsx]Counts'!K11,'/sessions/eloquent-hopeful-babbage/mnt/sample-run/selections\[Ultimates.xlsx]Counts'!G11) | H11: =G11-C11 | I11: =G11-C11 | J11: =IF('/sessions/eloquent-hopeful-babbage/mnt/sample-run/selections\[Ultimates.xlsx]Counts'!K11<>"",'/sessions/eloquent-hopeful-babbage/mnt/sample-run/selections\[Ultimates.xlsx]Counts'!L11,'/sessions/eloquent-hopeful-babbage/mnt/sample-run/selections\[Ultimates.xlsx]Counts'!H11)
A12: 2011 | B12: 167 | C12: ='Reported CL'!C12 | D12: ='Reported CL'!E12 | E12: ='Reported IE'!D12 | F12: ='Reported BF'!H12 | G12: =IF('/sessions/eloquent-hopeful-babbage/mnt/sample-run/selections\[Ultimates.xlsx]Counts'!K12<>"",'/sessions/eloquent-hopeful-babbage/mnt/sample-run/selections\[Ultimates.xlsx]Counts'!K12,'/sessions/eloquent-hopeful-babbage/mnt/sample-run/selections\[Ultimates.xlsx]Counts'!G12) | H12: =G12-C12 | I12: =G12-C12 | J12: =IF('/sessions/eloquent-hopeful-babbage/mnt/sample-run/selections\[Ultimates.xlsx]Counts'!K12<>"",'/sessions/eloquent-hopeful-babbage/mnt/sample-run/selections\[Ultimates.xlsx]Counts'!L12,'/sessions/eloquent-hopeful-babbage/mnt/sample-run/selections\[Ultimates.xlsx]Counts'!H12)
A13: 2012 | B13: 155 | C13: ='Reported CL'!C13 | D13: ='Reported CL'!E13 | E13: ='Reported IE'!D13 | F13: ='Reported BF'!H13 | G13: =IF('/sessions/eloquent-hopeful-babbage/mnt/sample-run/selections\[Ultimates.xlsx]Counts'!K13<>"",'/sessions/eloquent-hopeful-babbage/mnt/sample-run/selections\[Ultimates.xlsx]Counts'!K13,'/sessions/eloquent-hopeful-babbage/mnt/sample-run/selections\[Ultimates.xlsx]Counts'!G13) | H13: =G13-C13 | I13: =G13-C13 | J13: =IF('/sessions/eloquent-hopeful-babbage/mnt/sample-run/selections\[Ultimates.xlsx]Counts'!K13<>"",'/sessions/eloquent-hopeful-babbage/mnt/sample-run/selections\[Ultimates.xlsx]Counts'!L13,'/sessions/eloquent-hopeful-babbage/mnt/sample-run/selections\[Ultimates.xlsx]Counts'!H13)
... A25: 2024 | B25: 11 | C25: ='Reported CL'!C25 | D25: ='Reported CL'!E25 | E25: ='Reported IE'!D25 | F25: ='Reported BF'!H25 | G25: =IF('/sessions/eloquent-hopeful-babbage/mnt/sample-run/selections\[Ultimates.xlsx]Counts'!K25<>"",'/sessions/eloquent-hopeful-babbage/mnt/sample-run/selections\[Ultimates.xlsx]Counts'!K25,'/sessions/eloquent-hopeful-babbage/mnt/sample-run/selections\[Ultimates.xlsx]Counts'!G25) | H25: =G25-C25 | I25: =G25-C25 | J25: =IF('/sessions/eloquent-hopeful-babbage/mnt/sample-run/selections\[Ultimates.xlsx]Counts'!K25<>"",'/sessions/eloquent-hopeful-babbage/mnt/sample-run/selections\[Ultimates.xlsx]Counts'!L25,'/sessions/eloquent-hopeful-babbage/mnt/sample-run/selections\[Ultimates.xlsx]Counts'!H25)
A27: Total | C27: =SUM(C2:C25) | D27: =SUM(D2:D25) | E27: =SUM(E2:E25) | F27: =SUM(F2:F25) | G27: =SUM(G2:G25) | H27: =SUM(H2:H25) | I27: =SUM(I2:I25)

Sheet Closed CL
A1: Accident Period | B1: Current Age | C1: Closed | D1: CDF | E1: Ultimate | F1: IBNR | G1: Unpaid
A2: 2001 | B2: None | E2: =IF(AND(ISNUMBER(C2),ISNUMBER(D2)),C2*D2,"") | F2: =E2-C2 | G2: =E2-C2
A3: 2002 | B3: None | E3: =IF(AND(ISNUMBER(C3),ISNUMBER(D3)),C3*D3,"") | F3: =E3-C3 | G3: =E3-C3
A4: 2003 | B4: None | E4: =IF(AND(ISNUMBER(C4),ISNUMBER(D4)),C4*D4,"") | F4: =E4-C4 | G4: =E4-C4
A5: 2004 | B5: None | E5: =IF(AND(ISNUMBER(C5),ISNUMBER(D5)),C5*D5,"") | F5: =E5-C5 | G5: =E5-C5
A6: 2005 | B6: None | E6: =IF(AND(ISNUMBER(C6),ISNUMBER(D6)),C6*D6,"") | F6: =E6-C6 | G6: =E6-C6
A7: 2006 | B7: None | E7: =IF(AND(ISNUMBER(C7),ISNUMBER(D7)),C7*D7,"") | F7: =E7-C7 | G7: =E7-C7
A8: 2007 | B8: None | E8: =IF(AND(ISNUMBER(C8),ISNUMBER(D8)),C8*D8,"") | F8: =E8-C8 | G8: =E8-C8
A9: 2008 | B9: None | E9: =IF(AND(ISNUMBER(C9),ISNUMBER(D9)),C9*D9,"") | F9: =E9-C9 | G9: =E9-C9
A10: 2009 | B10: None | E10: =IF(AND(ISNUMBER(C10),ISNUMBER(D10)),C10*D10,"") | F10: =E10-C10 | G10: =E10-C10
A11: 2010 | B11: None | E11: =IF(AND(ISNUMBER(C11),ISNUMBER(D11)),C11*D11,"") | F11: =E11-C11 | G11: =E11-C11
A12: 2011 | B12: None | E12: =IF(AND(ISNUMBER(C12),ISNUMBER(D12)),C12*D12,"") | F12: =E12-C12 | G12: =E12-C12
A13: 2012 | B13: None | E13: =IF(AND(ISNUMBER(C13),ISNUMBER(D13)),C13*D13,"") | F13: =E13-C13 | G13: =E13-C13
... A25: 2024 | B25: None | E25: =IF(AND(ISNUMBER(C25),ISNUMBER(D25)),C25*D25,"") | F25: =E25-C25 | G25: =E25-C25
A27: Total | C27: =SUM(C2:C25) | E27: =SUM(E2:E25) | F27: =SUM(F2:F25) | G27: =SUM(G2:G25)

Sheet Reported CL
A1: Accident Period | B1: Current Age | C1: Reported | D1: CDF | E1: Ultimate | F1: IBNR | G1: Unpaid
A2: 2001 | B2: 287 | C2: ='/sessions/eloquent-hopeful-babbage/mnt/sample-run/selections\[Ultimates.xlsx]Counts'!C2 | D2: 1 | E2: =IF(AND(ISNUMBER(C2),ISNUMBER(D2)),C2*D2,"") | F2: =E2-C2 | G2: =E2-'Closed CL'!C2
A3: 2002 | B3: 275 | C3: ='/sessions/eloquent-hopeful-babbage/mnt/sample-run/selections\[Ultimates.xlsx]Counts'!C3 | D3: 1 | E3: =IF(AND(ISNUMBER(C3),ISNUMBER(D3)),C3*D3,"") | F3: =E3-C3 | G3: =E3-'Closed CL'!C3
A4: 2003 | B4: 263 | C4: ='/sessions/eloquent-hopeful-babbage/mnt/sample-run/selections\[Ultimates.xlsx]Counts'!C4 | D4: 1 | E4: =IF(AND(ISNUMBER(C4),ISNUMBER(D4)),C4*D4,"") | F4: =E4-C4 | G4: =E4-'Closed CL'!C4
A5: 2004 | B5: 251 | C5: ='/sessions/eloquent-hopeful-babbage/mnt/sample-run/selections\[Ultimates.xlsx]Counts'!C5 | D5: 1 | E5: =IF(AND(ISNUMBER(C5),ISNUMBER(D5)),C5*D5,"") | F5: =E5-C5 | G5: =E5-'Closed CL'!C5
A6: 2005 | B6: 239 | C6: ='/sessions/eloquent-hopeful-babbage/mnt/sample-run/selections\[Ultimates.xlsx]Counts'!C6 | D6: 1 | E6: =IF(AND(ISNUMBER(C6),ISNUMBER(D6)),C6*D6,"") | F6: =E6-C6 | G6: =E6-'Closed CL'!C6
A7: 2006 | B7: 227 | C7: ='/sessions/eloquent-hopeful-babbage/mnt/sample-run/selections\[Ultimates.xlsx]Counts'!C7 | D7: 1 | E7: =IF(AND(ISNUMBER(C7),ISNUMBER(D7)),C7*D7,"") | F7: =E7-C7 | G7: =E7-'Closed CL'!C7
A8: 2007 | B8: 215 | C8: ='/sessions/eloquent-hopeful-babbage/mnt/sample-run/selections\[Ultimates.xlsx]Counts'!C8 | D8: 1 | E8: =IF(AND(ISNUMBER(C8),ISNUMBER(D8)),C8*D8,"") | F8: =E8-C8 | G8: =E8-'Closed CL'!C8
A9: 2008 | B9: 203 | C9: ='/sessions/eloquent-hopeful-babbage/mnt/sample-run/selections\[Ultimates.xlsx]Counts'!C9 | D9: 1 | E9: =IF(AND(ISNUMBER(C9),ISNUMBER(D9)),C9*D9,"") | F9: =E9-C9 | G9: =E9-'Closed CL'!C9
A10: 2009 | B10: 191 | C10: ='/sessions/eloquent-hopeful-babbage/mnt/sample-run/selections\[Ultimates.xlsx]Counts'!C10 | D10: 1 | E10: =IF(AND(ISNUMBER(C10),ISNUMBER(D10)),C10*D10,"") | F10: =E10-C10 | G10: =E10-'Closed CL'!C10
A11: 2010 | B11: 179 | C11: ='/sessions/eloquent-hopeful-babbage/mnt/sample-run/selections\[Ultimates.xlsx]Counts'!C11 | D11: 1 | E11: =IF(AND(ISNUMBER(C11),ISNUMBER(D11)),C11*D11,"") | F11: =E11-C11 | G11: =E11-'Closed CL'!C11
A12: 2011 | B12: 167 | C12: ='/sessions/eloquent-hopeful-babbage/mnt/sample-run/selections\[Ultimates.xlsx]Counts'!C12 | D12: 1 | E12: =IF(AND(ISNUMBER(C12),ISNUMBER(D12)),C12*D12,"") | F12: =E12-C12 | G12: =E12-'Closed CL'!C12
A13: 2012 | B13: 155 | C13: ='/sessions/eloquent-hopeful-babbage/mnt/sample-run/selections\[Ultimates.xlsx]Counts'!C13 | D13: 1 | E13: =IF(AND(ISNUMBER(C13),ISNUMBER(D13)),C13*D13,"") | F13: =E13-C13 | G13: =E13-'Closed CL'!C13
A14: 2013 | B14: 143 | C14: ='Reported'!M15 | D14: 1 | E14: =IF(AND(ISNUMBER(C14),ISNUMBER(D14)),C14*D14,"") | F14: =E14-C14 | G14: =E14-'Closed CL'!C14
A15: 2014 | B15: 131 | C15: ='Reported'!L16 | D15: 1 | E15: =IF(AND(ISNUMBER(C15),ISNUMBER(D15)),C15*D15,"") | F15: =E15-C15 | G15: =E15-'Closed CL'!C15
A16: 2015 | B16: 119 | C16: ='Reported'!K17 | D16: 1 | E16: =IF(AND(ISNUMBER(C16),ISNUMBER(D16)),C16*D16,"") | F16: =E16-C16 | G16: =E16-'Closed CL'!C16
A17: 2016 | B17: 107 | C17: ='Reported'!J18 | D17: 0.9977 | E17: =IF(AND(ISNUMBER(C17),ISNUMBER(D17)),C17*D17,"") | F17: =E17-C17 | G17: =E17-'Closed CL'!C17
A18: 2017 | B18: 95 | C18: ='Reported'!I19 | D18: 0.9977 | E18: =IF(AND(ISNUMBER(C18),ISNUMBER(D18)),C18*D18,"") | F18: =E18-C18 | G18: =E18-'Closed CL'!C18
A19: 2018 | B19: 83 | C19: ='Reported'!H20 | D19: 0.99700161 | E19: =IF(AND(ISNUMBER(C19),ISNUMBER(D19)),C19*D19,"") | F19: =E19-C19 | G19: =E19-'Closed CL'!C19
A20: 2019 | B20: 71 | C20: ='Reported'!G21 | D20: 0.99700161 | E20: =IF(AND(ISNUMBER(C20),ISNUMBER(D20)),C20*D20,"") | F20: =E20-C20 | G20: =E20-'Closed CL'!C20
A21: 2020 | B21: 59 | C21: ='Reported'!F22 | D21: 0.99620401 | E21: =IF(AND(ISNUMBER(C21),ISNUMBER(D21)),C21*D21,"") | F21: =E21-C21 | G21: =E21-'Closed CL'!C21
A22: 2021 | B22: 47 | C22: ='Reported'!E23 | D22: 0.99620401 | E22: =IF(AND(ISNUMBER(C22),ISNUMBER(D22)),C22*D22,"") | F22: =E22-C22 | G22: =E22-'Closed CL'!C22
A23: 2022 | B23: 35 | C23: ='Reported'!D24 | D23: 0.99700097 | E23: =IF(AND(ISNUMBER(C23),ISNUMBER(D23)),C23*D23,"") | F23: =E23-C23 | G23: =E23-'Closed CL'!C23
A24: 2023 | B24: 23 | C24: ='Reported'!C25 | D24: 0.99700097 | E24: =IF(AND(ISNUMBER(C24),ISNUMBER(D24)),C24*D24,"") | F24: =E24-C24 | G24: =E24-'Closed CL'!C24
A25: 2024 | B25: 11 | C25: ='Reported'!B26 | D25: 1.1146471 | E25: =IF(AND(ISNUMBER(C25),ISNUMBER(D25)),C25*D25,"") | F25: =E25-C25 | G25: =E25-'Closed CL'!C25
A27: Total | C27: =SUM(C2:C25) | E27: =SUM(E2:E25) | F27: =SUM(F2:F25) | G27: =SUM(G2:G25)

Sheet Reported BF
A1: Accident Period | B1: Current Age | C1: Initial Expected | D1: CDF | E1: % Unreported | F1: Unreported | G1: Reported | H1: Ultimate | I1: IBNR | J1: Unpaid
A2: 2001 | B2: 287 | C2: ='Reported IE'!D2 | D2: ='Reported CL'!D2 | E2: =1-(1/D2) | F2: =C2*E2 | G2: ='Reported CL'!C2 | H2: =F2+G2 | I2: =H2-G2 | J2: =H2-'Closed CL'!C2
A3: 2002 | B3: 275 | C3: ='Reported IE'!D3 | D3: ='Reported CL'!D3 | E3: =1-(1/D3) | F3: =C3*E3 | G3: ='Reported CL'!C3 | H3: =F3+G3 | I3: =H3-G3 | J3: =H3-'Closed CL'!C3
A4: 2003 | B4: 263 | C4: ='Reported IE'!D4 | D4: ='Reported CL'!D4 | E4: =1-(1/D4) | F4: =C4*E4 | G4: ='Reported CL'!C4 | H4: =F4+G4 | I4: =H4-G4 | J4: =H4-'Closed CL'!C4
A5: 2004 | B5: 251 | C5: ='Reported IE'!D5 | D5: ='Reported CL'!D5 | E5: =1-(1/D5) | F5: =C5*E5 | G5: ='Reported CL'!C5 | H5: =F5+G5 | I5: =H5-G5 | J5: =H5-'Closed CL'!C5
A6: 2005 | B6: 239 | C6: ='Reported IE'!D6 | D6: ='Reported CL'!D6 | E6: =1-(1/D6) | F6: =C6*E6 | G6: ='Reported CL'!C6 | H6: =F6+G6 | I6: =H6-G6 | J6: =H6-'Closed CL'!C6
A7: 2006 | B7: 227 | C7: ='Reported IE'!D7 | D7: ='Reported CL'!D7 | E7: =1-(1/D7) | F7: =C7*E7 | G7: ='Reported CL'!C7 | H7: =F7+G7 | I7: =H7-G7 | J7: =H7-'Closed CL'!C7
A8: 2007 | B8: 215 | C8: ='Reported IE'!D8 | D8: ='Reported CL'!D8 | E8: =1-(1/D8) | F8: =C8*E8 | G8: ='Reported CL'!C8 | H8: =F8+G8 | I8: =H8-G8 | J8: =H8-'Closed CL'!C8
A9: 2008 | B9: 203 | C9: ='Reported IE'!D9 | D9: ='Reported CL'!D9 | E9: =1-(1/D9) | F9: =C9*E9 | G9: ='Reported CL'!C9 | H9: =F9+G9 | I9: =H9-G9 | J9: =H9-'Closed CL'!C9
A10: 2009 | B10: 191 | C10: ='Reported IE'!D10 | D10: ='Reported CL'!D10 | E10: =1-(1/D10) | F10: =C10*E10 | G10: ='Reported CL'!C10 | H10: =F10+G10 | I10: =H10-G10 | J10: =H10-'Closed CL'!C10
A11: 2010 | B11: 179 | C11: ='Reported IE'!D11 | D11: ='Reported CL'!D11 | E11: =1-(1/D11) | F11: =C11*E11 | G11: ='Reported CL'!C11 | H11: =F11+G11 | I11: =H11-G11 | J11: =H11-'Closed CL'!C11
A12: 2011 | B12: 167 | C12: ='Reported IE'!D12 | D12: ='Reported CL'!D12 | E12: =1-(1/D12) | F12: =C12*E12 | G12: ='Reported CL'!C12 | H12: =F12+G12 | I12: =H12-G12 | J12: =H12-'Closed CL'!C12
A13: 2012 | B13: 155 | C13: ='Reported IE'!D13 | D13: ='Reported CL'!D13 | E13: =1-(1/D13) | F13: =C13*E13 | G13: ='Reported CL'!C13 | H13: =F13+G13 | I13: =H13-G13 | J13: =H13-'Closed CL'!C13
... A25: 2024 | B25: 11 | C25: ='Reported IE'!D25 | D25: ='Reported CL'!D25 | E25: =1-(1/D25) | F25: =C25*E25 | G25: ='Reported CL'!C25 | H25: =F25+G25 | I25: =H25-G25 | J25: =H25-'Closed CL'!C25
A27: Total | C27: =SUM(C2:C25) | E27: =SUM(F2:F25)/SUM(C2:C25) | F27: =SUM(F2:F25) | G27: =SUM(G2:G25) | H27: =SUM(H2:H25) | I27: =SUM(I2:I25) | J27: =SUM(J2:J25)

Sheet Closed IE
A1: Accident Period | B1: Current Age | C1: Exposure | D1: IE Ultimate | E1: Selected Loss Rate
A2: 2001 | B2: None | C2: ='/sessions/eloquent-hopeful-babbage/mnt/sample-run/selections\[Chain Ladder Selections - LDFs.xlsx]Exposure'!B3 | D2: 700.77587 | E2: =D2/C2
A3: 2002 | B3: None | C3: ='/sessions/eloquent-hopeful-babbage/mnt/sample-run/selections\[Chain Ladder Selections - LDFs.xlsx]Exposure'!B4 | D3: 683.16631 | E3: =D3/C3
A4: 2003 | B4: None | C4: ='/sessions/eloquent-hopeful-babbage/mnt/sample-run/selections\[Chain Ladder Selections - LDFs.xlsx]Exposure'!B5 | D4: 648.44326 | E4: =D4/C4
A5: 2004 | B5: None | C5: ='/sessions/eloquent-hopeful-babbage/mnt/sample-run/selections\[Chain Ladder Selections - LDFs.xlsx]Exposure'!B6 | D5: 627.83791 | E5: =D5/C5
A6: 2005 | B6: None | C6: ='/sessions/eloquent-hopeful-babbage/mnt/sample-run/selections\[Chain Ladder Selections - LDFs.xlsx]Exposure'!B7 | D6: 623.61427 | E6: =D6/C6
A7: 2006 | B7: None | C7: ='/sessions/eloquent-hopeful-babbage/mnt/sample-run/selections\[Chain Ladder Selections - LDFs.xlsx]Exposure'!B8 | D7: 606.74484 | E7: =D7/C7
A8: 2007 | B8: None | C8: ='/sessions/eloquent-hopeful-babbage/mnt/sample-run/selections\[Chain Ladder Selections - LDFs.xlsx]Exposure'!B9 | D8: 550.47161 | E8: =D8/C8
A9: 2008 | B9: None | C9: ='/sessions/eloquent-hopeful-babbage/mnt/sample-run/selections\[Chain Ladder Selections - LDFs.xlsx]Exposure'!B10 | D9: 444.09698 | E9: =D9/C9
A10: 2009 | B10: None | C10: ='/sessions/eloquent-hopeful-babbage/mnt/sample-run/selections\[Chain Ladder Selections - LDFs.xlsx]Exposure'!B11 | D10: 384.40191 | E10: =D10/C10
A11: 2010 | B11: None | C11: ='/sessions/eloquent-hopeful-babbage/mnt/sample-run/selections\[Chain Ladder Selections - LDFs.xlsx]Exposure'!B12 | D11: 314.2013 | E11: =D11/C11
A12: 2011 | B12: None | C12: ='/sessions/eloquent-hopeful-babbage/mnt/sample-run/selections\[Chain Ladder Selections - LDFs.xlsx]Exposure'!B13 | D12: 319.32834 | E12: =D12/C12
A13: 2012 | B13: None | C13: ='/sessions/eloquent-hopeful-babbage/mnt/sample-run/selections\[Chain Ladder Selections - LDFs.xlsx]Exposure'!B14 | D13: 298.96538 | E13: =D13/C13
... A25: 2024 | B25: None | C25: ='/sessions/eloquent-hopeful-babbage/mnt/sample-run/selections\[Chain Ladder Selections - LDFs.xlsx]Exposure'!B26 | D25: 292.35261 | E25: =D25/C25

Sheet Reported IE
A1: Accident Period | B1: Current Age | C1: Exposure | D1: IE Ultimate | E1: Selected Loss Rate
A2: 2001 | B2: 287 | C2: ='/sessions/eloquent-hopeful-babbage/mnt/sample-run/selections\[Chain Ladder Selections - LDFs.xlsx]Exposure'!B3 | D2: ='/sessions/eloquent-hopeful-babbage/mnt/sample-run/selections\[Ultimates.xlsx]Counts'!E2 | E2: =D2/C2
A3: 2002 | B3: 275 | C3: ='/sessions/eloquent-hopeful-babbage/mnt/sample-run/selections\[Chain Ladder Selections - LDFs.xlsx]Exposure'!B4 | D3: ='/sessions/eloquent-hopeful-babbage/mnt/sample-run/selections\[Ultimates.xlsx]Counts'!E3 | E3: =D3/C3
A4: 2003 | B4: 263 | C4: ='/sessions/eloquent-hopeful-babbage/mnt/sample-run/selections\[Chain Ladder Selections - LDFs.xlsx]Exposure'!B5 | D4: ='/sessions/eloquent-hopeful-babbage/mnt/sample-run/selections\[Ultimates.xlsx]Counts'!E4 | E4: =D4/C4
A5: 2004 | B5: 251 | C5: ='/sessions/eloquent-hopeful-babbage/mnt/sample-run/selections\[Chain Ladder Selections - LDFs.xlsx]Exposure'!B6 | D5: ='/sessions/eloquent-hopeful-babbage/mnt/sample-run/selections\[Ultimates.xlsx]Counts'!E5 | E5: =D5/C5
A6: 2005 | B6: 239 | C6: ='/sessions/eloquent-hopeful-babbage/mnt/sample-run/selections\[Chain Ladder Selections - LDFs.xlsx]Exposure'!B7 | D6: ='/sessions/eloquent-hopeful-babbage/mnt/sample-run/selections\[Ultimates.xlsx]Counts'!E6 | E6: =D6/C6
A7: 2006 | B7: 227 | C7: ='/sessions/eloquent-hopeful-babbage/mnt/sample-run/selections\[Chain Ladder Selections - LDFs.xlsx]Exposure'!B8 | D7: ='/sessions/eloquent-hopeful-babbage/mnt/sample-run/selections\[Ultimates.xlsx]Counts'!E7 | E7: =D7/C7
A8: 2007 | B8: 215 | C8: ='/sessions/eloquent-hopeful-babbage/mnt/sample-run/selections\[Chain Ladder Selections - LDFs.xlsx]Exposure'!B9 | D8: ='/sessions/eloquent-hopeful-babbage/mnt/sample-run/selections\[Ultimates.xlsx]Counts'!E8 | E8: =D8/C8
A9: 2008 | B9: 203 | C9: ='/sessions/eloquent-hopeful-babbage/mnt/sample-run/selections\[Chain Ladder Selections - LDFs.xlsx]Exposure'!B10 | D9: ='/sessions/eloquent-hopeful-babbage/mnt/sample-run/selections\[Ultimates.xlsx]Counts'!E9 | E9: =D9/C9
A10: 2009 | B10: 191 | C10: ='/sessions/eloquent-hopeful-babbage/mnt/sample-run/selections\[Chain Ladder Selections - LDFs.xlsx]Exposure'!B11 | D10: ='/sessions/eloquent-hopeful-babbage/mnt/sample-run/selections\[Ultimates.xlsx]Counts'!E10 | E10: =D10/C10
A11: 2010 | B11: 179 | C11: ='/sessions/eloquent-hopeful-babbage/mnt/sample-run/selections\[Chain Ladder Selections - LDFs.xlsx]Exposure'!B12 | D11: ='/sessions/eloquent-hopeful-babbage/mnt/sample-run/selections\[Ultimates.xlsx]Counts'!E11 | E11: =D11/C11
A12: 2011 | B12: 167 | C12: ='/sessions/eloquent-hopeful-babbage/mnt/sample-run/selections\[Chain Ladder Selections - LDFs.xlsx]Exposure'!B13 | D12: ='/sessions/eloquent-hopeful-babbage/mnt/sample-run/selections\[Ultimates.xlsx]Counts'!E12 | E12: =D12/C12
A13: 2012 | B13: 155 | C13: ='/sessions/eloquent-hopeful-babbage/mnt/sample-run/selections\[Chain Ladder Selections - LDFs.xlsx]Exposure'!B14 | D13: ='/sessions/eloquent-hopeful-babbage/mnt/sample-run/selections\[Ultimates.xlsx]Counts'!E13 | E13: =D13/C13
... A25: 2024 | B25: 11 | C25: ='/sessions/eloquent-hopeful-babbage/mnt/sample-run/selections\[Chain Ladder Selections - LDFs.xlsx]Exposure'!B26 | D25: ='/sessions/eloquent-hopeful-babbage/mnt/sample-run/selections\[Ultimates.xlsx]Counts'!E25 | E25: =D25/C25

Sheet Incurred
A1: Incurred Loss
B2: 11 | C2: 23 | D2: 35 | E2: 47 | F2: 59 | G2: 71 | H2: 83 | I2: 95 | J2: 107 | K2: 119 | L2: 131 | M2: 143 | N2: 155 | O2: 167 | P2: 179 | Q2: 191 | R2: 203
A3: 2001 | B3: 567331.67 | C3: 1554404.3 | D3: 1902287.9 | E3: 2093441.2 | F3: 2250668.9 | G3: 2402988.2 | H3: 2397333.6 | I3: 2419690.9 | J3: 2437307.6 | K3: 2457834.5 | L3: 2510536.4 | M3: 2562761.5 | N3: 2559991 | O3: 2618542.6 | P3: 2663167.9 | Q3: 2804776.8 | R3: 2871037.9
A4: 2002 | B4: 927838.47 | C4: 1327207.5 | D4: 1342822.3 | E4: 1604244.3 | F4: 1625396 | G4: 1727293.4 | H4: 1760101.3 | I4: 1760466.7 | J4: 1799039.5 | K4: 1816376.1 | L4: 1835002.2 | M4: 1897241.7 | N4: 1899757.6 | O4: 1975947.9 | P4: 2028039.1 | Q4: 2057884.5 | R4: 2166744.8
A5: 2003 | B5: 1009363.4 | C5: 1458693.8 | D5: 1578930.4 | E5: 1876931.2 | F5: 1703633 | G5: 1819224.4 | H5: 1814195.5 | I5: 1800500.4 | J5: 1797139.9 | K5: 1801084.9 | L5: 1797322.9 | M5: 1783419.2 | N5: 1774330.2 | O5: 1774330.1 | P5: 1774330.1 | Q5: 1774330.1 | R5: 1778091.6
A6: 2004 | B6: 706990.22 | C6: 807081.88 | D6: 891146.73 | E6: 933370.1 | F6: 1055144 | G6: 1061000.5 | H6: 1080582 | I6: 1088885.1 | J6: 1114748.9 | K6: 1104800.8 | L6: 1130298 | M6: 1117525.7 | N6: 1117975.7 | O6: 1118300.3 | P6: 1118299.7 | Q6: 1122581.1 | R6: 1122581.1
A7: 2005 | B7: 1249691.6 | C7: 1628222 | D7: 1779408.1 | E7: 1735781.6 | F7: 1800284.1 | G7: 1829678.4 | H7: 1866913.8 | I7: 1877458.5 | J7: 1901705.9 | K7: 1953627 | L7: 1976524.6 | M7: 2212537.7 | N7: 2212549.6 | O7: 2171748.9 | P7: 2193366.7 | Q7: 2208705.5 | R7: 2242149.1
A8: 2006 | B8: 765985.34 | C8: 1158099.9 | D8: 1006637.1 | E8: 1076536.3 | F8: 1086240.5 | G8: 1141033.2 | H8: 1191316.1 | I8: 1169378.1 | J8: 1199839.2 | K8: 1244365.6 | L8: 1347851.3 | M8: 1428877.4 | N8: 1468194.3 | O8: 1484004.2 | P8: 1484861.9 | Q8: 1502016.7 | R8: 1506635.3
A9: 2007 | B9: 1724656.9 | C9: 1877762.6 | D9: 2045106.8 | E9: 2291428.8 | F9: 2554191.5 | G9: 3049073.8 | H9: 3243034.4 | I9: 3598222.1 | J9: 3855992.6 | K9: 4247900.6 | L9: 4378240.1 | M9: 4504737.6 | N9: 4577330.2 | O9: 4581600.1 | P9: 4781468.7 | Q9: 4781468.7 | R9: 4798643.3
A10: 2008 | B10: 556352.89 | C10: 770915.04 | D10: 933165.87 | E10: 1298006.8 | F10: 1258119.1 | G10: 1279315.3 | H10: 1286243.9 | I10: 1303173.6 | J10: 1310621.4 | K10: 1356059.2 | L10: 1362732 | M10: 1362957 | N10: 1343109.2 | O10: 1343439.1 | P10: 1343439.1 | Q10: 1350037.1 | R10: 1378427.9
A11: 2009 | B11: 357480.39 | C11: 872537.45 | D11: 822240.04 | E11: 842753.92 | F11: 898761.09 | G11: 944889.63 | H11: 979272.52 | I11: 1120353.6 | J11: 1120360.2 | K11: 1120361.9 | L11: 1120361.9 | M11: 1135537.3 | N11: 1169581.1 | O11: 1169581.1 | P11: 1169581.1 | Q11: 1169581.1
A12: 2010 | B12: 360030.44 | C12: 730590.36 | D12: 951322.1 | E12: 1105337.9 | F12: 1236185.7 | G12: 1222899.7 | H12: 1271367.3 | I12: 1272863.7 | J12: 1266822.1 | K12: 1267621.5 | L12: 1268616.5 | M12: 1268690.4 | N12: 1270339.9 | O12: 1270069.3 | P12: 1277672.1
A13: 2011 | B13: 454047.33 | C13: 886919.76 | D13: 1308017.9 | E13: 1510354 | F13: 1611539.1 | G13: 1740504.9 | H13: 1836702.4 | I13: 1836817.7 | J13: 1862143.5 | K13: 1869290.4 | L13: 1921985.9 | M13: 1916081.6 | N13: 1916081.6 | O13: 1916081.6
A14: 2012 | B14: 335887.1 | C14: 682490.52 | D14: 892010.95 | E14: 969399.27 | F14: 966369.47 | G14: 974833.39 | H14: 978738.66 | I14: 1029196.2 | J14: 1086698.6 | K14: 1148149.4 | L14: 1156726.8 | M14: 1363753.4 | N14: 1363753.4
A15: 2013 | B15: 279096.72 | C15: 509656.15 | D15: 554121.15 | E15: 668048.82 | F15: 708646.31 | G15: 706804.64 | H15: 707153.12 | I15: 707153.12 | J15: 708518.77 | K15: 708518.77 | L15: 708529.99 | M15: 708529.99
A16: 2014 | B16: 579453.9 | C16: 791674.23 | D16: 1117488.7 | E16: 1292116.7 | F16: 1310589.9 | G16: 1355751.9 | H16: 1316935.1 | I16: 1316935.1 | J16: 1371038.7 | K16: 1399322 | L16: 1389603.7
A17: 2015 | B17: 538066.9 | C17: 1068443.2 | D17: 1605602.2 | E17: 2133023.2 | F17: 2358964.6 | G17: 2680270.1 | H17: 3055333.4 | I17: 3076051.1 | J17: 3086205.2 | K17: 3382963.3
A18: 2016 | B18: 687801.91 | C18: 1285960.8 | D18: 1733470 | E18: 1884267.6 | F18: 2152416 | G18: 2220417.5 | H18: 2503620.5 | I18: 2503024.6 | J18: 2506323.6
A19: 2017 | B19: 461326.88 | C19: 614872.69 | D19: 635999.21 | E19: 832770.21 | F19: 895289.48 | G19: 1014108.3 | H19: 1168952.9 | I19: 1205811.8
A20: 2018 | B20: 507983.82 | C20: 1168067.9 | D20: 1668858.2 | E20: 2316819.6 | F20: 2303518.1 | G20: 2333675.3 | H20: 2395448.4
A21: 2019 | B21: 407914.83 | C21: 1124607.1 | D21: 1740054.5 | E21: 2000563 | F21: 2127378.7 | G21: 2599882.9
A22: 2020 | B22: 522102.6 | C22: 931915.52 | D22: 916291.8 | E22: 969468.3 | F22: 978899.51
A23: 2021 | B23: 549457.07 | C23: 800935.15 | D23: 980316.79 | E23: 1011313.3
A24: 2022 | B24: 694623 | C24: 851655.88 | D24: 827416.11
A25: 2023 | B25: 975000.3 | C25: 1651756.7
A26: 2024 | B26: 890155.22
A28: Age-to-Age Factors
B29: 11-23 | C29: 23-35 | D29: 35-47 | E29: 47-59 | F29: 59-71 | G29: 71-83 | H29: 83-95 | I29: 95-107 | J29: 107-119 | K29: 119-131 | L29: 131-143 | M29: 143-155 | N29: 155-167 | O29: 167-179 | P29: 179-191 | Q29: 191-203 | R29: 203-Ult
A30: 2001 | B30: =IFERROR(IF(C3="","",C3/B3),"") | C30: =IFERROR(IF(D3="","",D3/C3),"") | D30: =IFERROR(IF(E3="","",E3/D3),"") | E30: =IFERROR(IF(F3="","",F3/E3),"") | F30: =IFERROR(IF(G3="","",G3/F3),"") | G30: =IFERROR(IF(H3="","",H3/G3),"") | H30: =IFERROR(IF(I3="","",I3/H3),"") | I30: =IFERROR(IF(J3="","",J3/I3),"") | ... Q30: =IFERROR(IF(R3="","",R3/Q3),"")
A31: 2002 | B31: =IFERROR(IF(C4="","",C4/B4),"") | C31: =IFERROR(IF(D4="","",D4/C4),"") | D31: =IFERROR(IF(E4="","",E4/D4),"") | E31: =IFERROR(IF(F4="","",F4/E4),"") | F31: =IFERROR(IF(G4="","",G4/F4),"") | G31: =IFERROR(IF(H4="","",H4/G4),"") | H31: =IFERROR(IF(I4="","",I4/H4),"") | I31: =IFERROR(IF(J4="","",J4/I4),"") | ... Q31: =IFERROR(IF(R4="","",R4/Q4),"")
A32: 2003 | B32: =IFERROR(IF(C5="","",C5/B5),"") | C32: =IFERROR(IF(D5="","",D5/C5),"") | D32: =IFERROR(IF(E5="","",E5/D5),"") | E32: =IFERROR(IF(F5="","",F5/E5),"") | F32: =IFERROR(IF(G5="","",G5/F5),"") | G32: =IFERROR(IF(H5="","",H5/G5),"") | H32: =IFERROR(IF(I5="","",I5/H5),"") | I32: =IFERROR(IF(J5="","",J5/I5),"") | ... Q32: =IFERROR(IF(R5="","",R5/Q5),"")
A33: 2004 | B33: =IFERROR(IF(C6="","",C6/B6),"") | C33: =IFERROR(IF(D6="","",D6/C6),"") | D33: =IFERROR(IF(E6="","",E6/D6),"") | E33: =IFERROR(IF(F6="","",F6/E6),"") | F33: =IFERROR(IF(G6="","",G6/F6),"") | G33: =IFERROR(IF(H6="","",H6/G6),"") | H33: =IFERROR(IF(I6="","",I6/H6),"") | I33: =IFERROR(IF(J6="","",J6/I6),"") | ... Q33: =IFERROR(IF(R6="","",R6/Q6),"")
A34: 2005 | B34: =IFERROR(IF(C7="","",C7/B7),"") | C34: =IFERROR(IF(D7="","",D7/C7),"") | D34: =IFERROR(IF(E7="","",E7/D7),"") | E34: =IFERROR(IF(F7="","",F7/E7),"") | F34: =IFERROR(IF(G7="","",G7/F7),"") | G34: =IFERROR(IF(H7="","",H7/G7),"") | H34: =IFERROR(IF(I7="","",I7/H7),"") | I34: =IFERROR(IF(J7="","",J7/I7),"") | ... Q34: =IFERROR(IF(R7="","",R7/Q7),"")
A35: 2006 | B35: =IFERROR(IF(C8="","",C8/B8),"") | C35: =IFERROR(IF(D8="","",D8/C8),"") | D35: =IFERROR(IF(E8="","",E8/D8),"") | E35: =IFERROR(IF(F8="","",F8/E8),"") | F35: =IFERROR(IF(G8="","",G8/F8),"") | G35: =IFERROR(IF(H8="","",H8/G8),"") | H35: =IFERROR(IF(I8="","",I8/H8),"") | I35: =IFERROR(IF(J8="","",J8/I8),"") | ... Q35: =IFERROR(IF(R8="","",R8/Q8),"")
A36: 2007 | B36: =IFERROR(IF(C9="","",C9/B9),"") | C36: =IFERROR(IF(D9="","",D9/C9),"") | D36: =IFERROR(IF(E9="","",E9/D9),"") | E36: =IFERROR(IF(F9="","",F9/E9),"") | F36: =IFERROR(IF(G9="","",G9/F9),"") | G36: =IFERROR(IF(H9="","",H9/G9),"") | H36: =IFERROR(IF(I9="","",I9/H9),"") | I36: =IFERROR(IF(J9="","",J9/I9),"") | ... Q36: =IFERROR(IF(R9="","",R9/Q9),"")
A37: 2008 | B37: =IFERROR(IF(C10="","",C10/B10),"") | C37: =IFERROR(IF(D10="","",D10/C10),"") | D37: =IFERROR(IF(E10="","",E10/D10),"") | E37: =IFERROR(IF(F10="","",F10/E10),"") | F37: =IFERROR(IF(G10="","",G10/F10),"") | G37: =IFERROR(IF(H10="","",H10/G10),"") | H37: =IFERROR(IF(I10="","",I10/H10),"") | I37: =IFERROR(IF(J10="","",J10/I10),"") | ... Q37: =IFERROR(IF(R10="","",R10/Q10),"")
A38: 2009 | B38: =IFERROR(IF(C11="","",C11/B11),"") | C38: =IFERROR(IF(D11="","",D11/C11),"") | D38: =IFERROR(IF(E11="","",E11/D11),"") | E38: =IFERROR(IF(F11="","",F11/E11),"") | F38: =IFERROR(IF(G11="","",G11/F11),"") | G38: =IFERROR(IF(H11="","",H11/G11),"") | H38: =IFERROR(IF(I11="","",I11/H11),"") | I38: =IFERROR(IF(J11="","",J11/I11),"") | ... Q38: =IFERROR(IF(R11="","",R11/Q11),"")
A39: 2010 | B39: =IFERROR(IF(C12="","",C12/B12),"") | C39: =IFERROR(IF(D12="","",D12/C12),"") | D39: =IFERROR(IF(E12="","",E12/D12),"") | E39: =IFERROR(IF(F12="","",F12/E12),"") | F39: =IFERROR(IF(G12="","",G12/F12),"") | G39: =IFERROR(IF(H12="","",H12/G12),"") | H39: =IFERROR(IF(I12="","",I12/H12),"") | I39: =IFERROR(IF(J12="","",J12/I12),"") | ... Q39: =IFERROR(IF(R12="","",R12/Q12),"")
A40: 2011 | B40: =IFERROR(IF(C13="","",C13/B13),"") | C40: =IFERROR(IF(D13="","",D13/C13),"") | D40: =IFERROR(IF(E13="","",E13/D13),"") | E40: =IFERROR(IF(F13="","",F13/E13),"") | F40: =IFERROR(IF(G13="","",G13/F13),"") | G40: =IFERROR(IF(H13="","",H13/G13),"") | H40: =IFERROR(IF(I13="","",I13/H13),"") | I40: =IFERROR(IF(J13="","",J13/I13),"") | ... Q40: =IFERROR(IF(R13="","",R13/Q13),"")
A41: 2012 | B41: =IFERROR(IF(C14="","",C14/B14),"") | C41: =IFERROR(IF(D14="","",D14/C14),"") | D41: =IFERROR(IF(E14="","",E14/D14),"") | E41: =IFERROR(IF(F14="","",F14/E14),"") | F41: =IFERROR(IF(G14="","",G14/F14),"") | G41: =IFERROR(IF(H14="","",H14/G14),"") | H41: =IFERROR(IF(I14="","",I14/H14),"") | I41: =IFERROR(IF(J14="","",J14/I14),"") | ... Q41: =IFERROR(IF(R14="","",R14/Q14),"")
... A53: 2024 | B53: =IFERROR(IF(C26="","",C26/B26),"") | C53: =IFERROR(IF(D26="","",D26/C26),"") | D53: =IFERROR(IF(E26="","",E26/D26),"") | E53: =IFERROR(IF(F26="","",F26/E26),"") | F53: =IFERROR(IF(G26="","",G26/F26),"") | G53: =IFERROR(IF(H26="","",H26/G26),"") | H53: =IFERROR(IF(I26="","",I26/H26),"") | I53: =IFERROR(IF(J26="","",J26/I26),"") | ... Q53: =IFERROR(IF(R26="","",R26/Q26),"")
A55: Averages
A56: Metric | B56: 11-23 | C56: 23-35 | D56: 35-47 | E56: 47-59 | F56: 59-71 | G56: 71-83 | H56: 83-95 | I56: 95-107 | J56: 107-119 | K56: 119-131 | L56: 131-143 | M56: 143-155 | N56: 155-167 | O56: 167-179 | P56: 179-191 | Q56: 191-203 | R56: 203-Ult
A57: simple_all | B57: =IFERROR(AVERAGE(B30:B53),AVERAGE(B30:B53)) | C57: =IFERROR(AVERAGE(C30:C53),AVERAGE(C30:C53)) | D57: =IFERROR(AVERAGE(D30:D53),AVERAGE(D30:D53)) | E57: =IFERROR(AVERAGE(E30:E53),AVERAGE(E30:E53)) | F57: =IFERROR(AVERAGE(F30:F53),AVERAGE(F30:F53)) | G57: =IFERROR(AVERAGE(G30:G53),AVERAGE(G30:G53)) | H57: =IFERROR(AVERAGE(H30:H53),AVERAGE(H30:H53)) | I57: =IFERROR(AVERAGE(I30:I53),AVERAGE(I30:I53)) | ... Q57: =IFERROR(AVERAGE(Q30:Q53),AVERAGE(Q30:Q53))
A58: weighted_all | B58: =IFERROR(SUMPRODUCT(B30:B53,B3:B26)/SUMPRODUCT((B30:B53<>"")*B3:B26),SUMPRODUCT(B30:B53,B3:B26)/SUMPRODUCT((B30:B53<>"")*B3:B26)) | C58: =IFERROR(SUMPRODUCT(C30:C53,C3:C26)/SUMPRODUCT((C30:C53<>"")*C3:C26),SUMPRODUCT(C30:C53,C3:C26)/SUMPRODUCT((C30:C53<>"")*C3:C26)) | D58: =IFERROR(SUMPRODUCT(D30:D53,D3:D26)/SUMPRODUCT((D30:D53<>"")*D3:D26),SUMPRODUCT(D30:D53,D3:D26)/SUMPRODUCT((D30:D53<>"")*D3:D26)) | E58: =IFERROR(SUMPRODUCT(E30:E53,E3:E26)/SUMPRODUCT((E30:E53<>"")*E3:E26),SUMPRODUCT(E30:E53,E3:E26)/SUMPRODUCT((E30:E53<>"")*E3:E26)) | F58: =IFERROR(SUMPRODUCT(F30:F53,F3:F26)/SUMPRODUCT((F30:F53<>"")*F3:F26),SUMPRODUCT(F30:F53,F3:F26)/SUMPRODUCT((F30:F53<>"")*F3:F26)) | G58: =IFERROR(SUMPRODUCT(G30:G53,G3:G26)/SUMPRODUCT((G30:G53<>"")*G3:G26),SUMPRODUCT(G30:G53,G3:G26)/SUMPRODUCT((G30:G53<>"")*G3:G26)) | H58: =IFERROR(SUMPRODUCT(H30:H53,H3:H26)/SUMPRODUCT((H30:H53<>"")*H3:H26),SUMPRODUCT(H30:H53,H3:H26)/SUMPRODUCT((H30:H53<>"")*H3:H26)) | I58: =IFERROR(SUMPRODUCT(I30:I53,I3:I26)/SUMPRODUCT((I30:I53<>"")*I3:I26),SUMPRODUCT(I30:I53,I3:I26)/SUMPRODUCT((I30:I53<>"")*I3:I26)) | ... Q58: =IFERROR(SUMPRODUCT(Q30:Q53,Q3:Q26)/SUMPRODUCT((Q30:Q53<>"")*Q3:Q26),SUMPRODUCT(Q30:Q53,Q3:Q26)/SUMPRODUCT((Q30:Q53<>"")*Q3:Q26))
A59: exclude_high_low_all | B59: =IFERROR(TRIMMEAN(B30:B53,2/COUNT(B30:B53)),AVERAGE(B30:B53)) | C59: =IFERROR(TRIMMEAN(C30:C53,2/COUNT(C30:C53)),AVERAGE(C30:C53)) | D59: =IFERROR(TRIMMEAN(D30:D53,2/COUNT(D30:D53)),AVERAGE(D30:D53)) | E59: =IFERROR(TRIMMEAN(E30:E53,2/COUNT(E30:E53)),AVERAGE(E30:E53)) | F59: =IFERROR(TRIMMEAN(F30:F53,2/COUNT(F30:F53)),AVERAGE(F30:F53)) | G59: =IFERROR(TRIMMEAN(G30:G53,2/COUNT(G30:G53)),AVERAGE(G30:G53)) | H59: =IFERROR(TRIMMEAN(H30:H53,2/COUNT(H30:H53)),AVERAGE(H30:H53)) | I59: =IFERROR(TRIMMEAN(I30:I53,2/COUNT(I30:I53)),AVERAGE(I30:I53)) | ... Q59: =IFERROR(TRIMMEAN(Q30:Q53,2/COUNT(Q30:Q53)),AVERAGE(Q30:Q53))
A60: simple_3yr | B60: =IFERROR(AVERAGE(B51:B53),AVERAGE(B30:B53)) | C60: =IFERROR(AVERAGE(C51:C53),AVERAGE(C30:C53)) | D60: =IFERROR(AVERAGE(D51:D53),AVERAGE(D30:D53)) | E60: =IFERROR(AVERAGE(E51:E53),AVERAGE(E30:E53)) | F60: =IFERROR(AVERAGE(F51:F53),AVERAGE(F30:F53)) | G60: =IFERROR(AVERAGE(G51:G53),AVERAGE(G30:G53)) | H60: =IFERROR(AVERAGE(H51:H53),AVERAGE(H30:H53)) | I60: =IFERROR(AVERAGE(I51:I53),AVERAGE(I30:I53)) | ... Q60: =IFERROR(AVERAGE(Q51:Q53),AVERAGE(Q30:Q53))
A61: weighted_3yr | B61: =IFERROR(SUMPRODUCT(B51:B53,B24:B26)/SUMPRODUCT((B51:B53<>"")*B24:B26),SUMPRODUCT(B30:B53,B3:B26)/SUMPRODUCT((B30:B53<>"")*B3:B26)) | C61: =IFERROR(SUMPRODUCT(C51:C53,C24:C26)/SUMPRODUCT((C51:C53<>"")*C24:C26),SUMPRODUCT(C30:C53,C3:C26)/SUMPRODUCT((C30:C53<>"")*C3:C26)) | D61: =IFERROR(SUMPRODUCT(D51:D53,D24:D26)/SUMPRODUCT((D51:D53<>"")*D24:D26),SUMPRODUCT(D30:D53,D3:D26)/SUMPRODUCT((D30:D53<>"")*D3:D26)) | E61: =IFERROR(SUMPRODUCT(E51:E53,E24:E26)/SUMPRODUCT((E51:E53<>"")*E24:E26),SUMPRODUCT(E30:E53,E3:E26)/SUMPRODUCT((E30:E53<>"")*E3:E26)) | F61: =IFERROR(SUMPRODUCT(F51:F53,F24:F26)/SUMPRODUCT((F51:F53<>"")*F24:F26),SUMPRODUCT(F30:F53,F3:F26)/SUMPRODUCT((F30:F53<>"")*F3:F26)) | G61: =IFERROR(SUMPRODUCT(G51:G53,G24:G26)/SUMPRODUCT((G51:G53<>"")*G24:G26),SUMPRODUCT(G30:G53,G3:G26)/SUMPRODUCT((G30:G53<>"")*G3:G26)) | H61: =IFERROR(SUMPRODUCT(H51:H53,H24:H26)/SUMPRODUCT((H51:H53<>"")*H24:H26),SUMPRODUCT(H30:H53,H3:H26)/SUMPRODUCT((H30:H53<>"")*H3:H26)) | I61: =IFERROR(SUMPRODUCT(I51:I53,I24:I26)/SUMPRODUCT((I51:I53<>"")*I24:I26),SUMPRODUCT(I30:I53,I3:I26)/SUMPRODUCT((I30:I53<>"")*I3:I26)) | ... Q61: =IFERROR(SUMPRODUCT(Q51:Q53,Q24:Q26)/SUMPRODUCT((Q51:Q53<>"")*Q24:Q26),SUMPRODUCT(Q30:Q53,Q3:Q26)/SUMPRODUCT((Q30:Q53<>"")*Q3:Q26))
A62: exclude_high_low_3yr | B62: =IFERROR(TRIMMEAN(B51:B53,2/COUNT(B51:B53)),AVERAGE(B30:B53)) | C62: =IFERROR(TRIMMEAN(C51:C53,2/COUNT(C51:C53)),AVERAGE(C30:C53)) | D62: =IFERROR(TRIMMEAN(D51:D53,2/COUNT(D51:D53)),AVERAGE(D30:D53)) | E62: =IFERROR(TRIMMEAN(E51:E53,2/COUNT(E51:E53)),AVERAGE(E30:E53)) | F62: =IFERROR(TRIMMEAN(F51:F53,2/COUNT(F51:F53)),AVERAGE(F30:F53)) | G62: =IFERROR(TRIMMEAN(G51:G53,2/COUNT(G51:G53)),AVERAGE(G30:G53)) | H62: =IFERROR(TRIMMEAN(H51:H53,2/COUNT(H51:H53)),AVERAGE(H30:H53)) | I62: =IFERROR(TRIMMEAN(I51:I53,2/COUNT(I51:I53)),AVERAGE(I30:I53)) | ... Q62: =IFERROR(TRIMMEAN(Q51:Q53,2/COUNT(Q51:Q53)),AVERAGE(Q30:Q53))
A63: simple_5yr | B63: =IFERROR(AVERAGE(B49:B53),AVERAGE(B30:B53)) | C63: =IFERROR(AVERAGE(C49:C53),AVERAGE(C30:C53)) | D63: =IFERROR(AVERAGE(D49:D53),AVERAGE(D30:D53)) | E63: =IFERROR(AVERAGE(E49:E53),AVERAGE(E30:E53)) | F63: =IFERROR(AVERAGE(F49:F53),AVERAGE(F30:F53)) | G63: =IFERROR(AVERAGE(G49:G53),AVERAGE(G30:G53)) | H63: =IFERROR(AVERAGE(H49:H53),AVERAGE(H30:H53)) | I63: =IFERROR(AVERAGE(I49:I53),AVERAGE(I30:I53)) | ... Q63: =IFERROR(AVERAGE(Q49:Q53),AVERAGE(Q30:Q53))
A64: weighted_5yr | B64: =IFERROR(SUMPRODUCT(B49:B53,B22:B26)/SUMPRODUCT((B49:B53<>"")*B22:B26),SUMPRODUCT(B30:B53,B3:B26)/SUMPRODUCT((B30:B53<>"")*B3:B26)) | C64: =IFERROR(SUMPRODUCT(C49:C53,C22:C26)/SUMPRODUCT((C49:C53<>"")*C22:C26),SUMPRODUCT(C30:C53,C3:C26)/SUMPRODUCT((C30:C53<>"")*C3:C26)) | D64: =IFERROR(SUMPRODUCT(D49:D53,D22:D26)/SUMPRODUCT((D49:D53<>"")*D22:D26),SUMPRODUCT(D30:D53,D3:D26)/SUMPRODUCT((D30:D53<>"")*D3:D26)) | E64: =IFERROR(SUMPRODUCT(E49:E53,E22:E26)/SUMPRODUCT((E49:E53<>"")*E22:E26),SUMPRODUCT(E30:E53,E3:E26)/SUMPRODUCT((E30:E53<>"")*E3:E26)) | F64: =IFERROR(SUMPRODUCT(F49:F53,F22:F26)/SUMPRODUCT((F49:F53<>"")*F22:F26),SUMPRODUCT(F30:F53,F3:F26)/SUMPRODUCT((F30:F53<>"")*F3:F26)) | G64: =IFERROR(SUMPRODUCT(G49:G53,G22:G26)/SUMPRODUCT((G49:G53<>"")*G22:G26),SUMPRODUCT(G30:G53,G3:G26)/SUMPRODUCT((G30:G53<>"")*G3:G26)) | H64: =IFERROR(SUMPRODUCT(H49:H53,H22:H26)/SUMPRODUCT((H49:H53<>"")*H22:H26),SUMPRODUCT(H30:H53,H3:H26)/SUMPRODUCT((H30:H53<>"")*H3:H26)) | I64: =IFERROR(SUMPRODUCT(I49:I53,I22:I26)/SUMPRODUCT((I49:I53<>"")*I22:I26),SUMPRODUCT(I30:I53,I3:I26)/SUMPRODUCT((I30:I53<>"")*I3:I26)) | ... Q64: =IFERROR(SUMPRODUCT(Q49:Q53,Q22:Q26)/SUMPRODUCT((Q49:Q53<>"")*Q22:Q26),SUMPRODUCT(Q30:Q53,Q3:Q26)/SUMPRODUCT((Q30:Q53<>"")*Q3:Q26))
A65: exclude_high_low_5yr | B65: =IFERROR(TRIMMEAN(B49:B53,2/COUNT(B49:B53)),AVERAGE(B30:B53)) | C65: =IFERROR(TRIMMEAN(C49:C53,2/COUNT(C49:C53)),AVERAGE(C30:C53)) | D65: =IFERROR(TRIMMEAN(D49:D53,2/COUNT(D49:D53)),AVERAGE(D30:D53)) | E65: =IFERROR(TRIMMEAN(E49:E53,2/COUNT(E49:E53)),AVERAGE(E30:E53)) | F65: =IFERROR(TRIMMEAN(F49:F53,2/COUNT(F49:F53)),AVERAGE(F30:F53)) | G65: =IFERROR(TRIMMEAN(G49:G53,2/COUNT(G49:G53)),AVERAGE(G30:G53)) | H65: =IFERROR(TRIMMEAN(H49:H53,2/COUNT(H49:H53)),AVERAGE(H30:H53)) | I65: =IFERROR(TRIMMEAN(I49:I53,2/COUNT(I49:I53)),AVERAGE(I30:I53)) | ... Q65: =IFERROR(TRIMMEAN(Q49:Q53,2/COUNT(Q49:Q53)),AVERAGE(Q30:Q53))
A66: simple_10yr | B66: =IFERROR(AVERAGE(B44:B53),AVERAGE(B30:B53)) | C66: =IFERROR(AVERAGE(C44:C53),AVERAGE(C30:C53)) | D66: =IFERROR(AVERAGE(D44:D53),AVERAGE(D30:D53)) | E66: =IFERROR(AVERAGE(E44:E53),AVERAGE(E30:E53)) | F66: =IFERROR(AVERAGE(F44:F53),AVERAGE(F30:F53)) | G66: =IFERROR(AVERAGE(G44:G53),AVERAGE(G30:G53)) | H66: =IFERROR(AVERAGE(H44:H53),AVERAGE(H30:H53)) | I66: =IFERROR(AVERAGE(I44:I53),AVERAGE(I30:I53)) | ... Q66: =IFERROR(AVERAGE(Q44:Q53),AVERAGE(Q30:Q53))
A67: weighted_10yr | B67: =IFERROR(SUMPRODUCT(B44:B53,B17:B26)/SUMPRODUCT((B44:B53<>"")*B17:B26),SUMPRODUCT(B30:B53,B3:B26)/SUMPRODUCT((B30:B53<>"")*B3:B26)) | C67: =IFERROR(SUMPRODUCT(C44:C53,C17:C26)/SUMPRODUCT((C44:C53<>"")*C17:C26),SUMPRODUCT(C30:C53,C3:C26)/SUMPRODUCT((C30:C53<>"")*C3:C26)) | D67: =IFERROR(SUMPRODUCT(D44:D53,D17:D26)/SUMPRODUCT((D44:D53<>"")*D17:D26),SUMPRODUCT(D30:D53,D3:D26)/SUMPRODUCT((D30:D53<>"")*D3:D26)) | E67: =IFERROR(SUMPRODUCT(E44:E53,E17:E26)/SUMPRODUCT((E44:E53<>"")*E17:E26),SUMPRODUCT(E30:E53,E3:E26)/SUMPRODUCT((E30:E53<>"")*E3:E26)) | F67: =IFERROR(SUMPRODUCT(F44:F53,F17:F26)/SUMPRODUCT((F44:F53<>"")*F17:F26),SUMPRODUCT(F30:F53,F3:F26)/SUMPRODUCT((F30:F53<>"")*F3:F26)) | G67: =IFERROR(SUMPRODUCT(G44:G53,G17:G26)/SUMPRODUCT((G44:G53<>"")*G17:G26),SUMPRODUCT(G30:G53,G3:G26)/SUMPRODUCT((G30:G53<>"")*G3:G26)) | H67: =IFERROR(SUMPRODUCT(H44:H53,H17:H26)/SUMPRODUCT((H44:H53<>"")*H17:H26),SUMPRODUCT(H30:H53,H3:H26)/SUMPRODUCT((H30:H53<>"")*H3:H26)) | I67: =IFERROR(SUMPRODUCT(I44:I53,I17:I26)/SUMPRODUCT((I44:I53<>"")*I17:I26),SUMPRODUCT(I30:I53,I3:I26)/SUMPRODUCT((I30:I53<>"")*I3:I26)) | ... Q67: =IFERROR(SUMPRODUCT(Q44:Q53,Q17:Q26)/SUMPRODUCT((Q44:Q53<>"")*Q17:Q26),SUMPRODUCT(Q30:Q53,Q3:Q26)/SUMPRODUCT((Q30:Q53<>"")*Q3:Q26))
A68: exclude_high_low_10yr | B68: =IFERROR(TRIMMEAN(B44:B53,2/COUNT(B44:B53)),AVERAGE(B30:B53)) | C68: =IFERROR(TRIMMEAN(C44:C53,2/COUNT(C44:C53)),AVERAGE(C30:C53)) | D68: =IFERROR(TRIMMEAN(D44:D53,2/COUNT(D44:D53)),AVERAGE(D30:D53)) | E68: =IFERROR(TRIMMEAN(E44:E53,2/COUNT(E44:E53)),AVERAGE(E30:E53)) | F68: =IFERROR(TRIMMEAN(F44:F53,2/COUNT(F44:F53)),AVERAGE(F30:F53)) | G68: =IFERROR(TRIMMEAN(G44:G53,2/COUNT(G44:G53)),AVERAGE(G30:G53)) | H68: =IFERROR(TRIMMEAN(H44:H53,2/COUNT(H44:H53)),AVERAGE(H30:H53)) | I68: =IFERROR(TRIMMEAN(I44:I53,2/COUNT(I44:I53)),AVERAGE(I30:I53)) | ... Q68: =IFERROR(TRIMMEAN(Q44:Q53,2/COUNT(Q44:Q53)),AVERAGE(Q30:Q53))
A70: LDF Selections
B71: 11-23 | C71: 23-35 | D71: 35-47 | E71: 47-59 | F71: 59-71 | G71: 71-83 | H71: 83-95 | I71: 95-107 | J71: 107-119 | K71: 119-131 | L71: 131-143 | M71: 143-155 | N71: 155-167 | O71: 167-179 | P71: 179-191 | Q71: 191-203 | R71: 203-Ult
A72: Selected | B72: 1.7024 | C72: 1.2575 | D72: 1.2002 | E72: 1.0567 | F72: 1.1027 | G72: 1.087 | H72: 1.0065 | I72: 1.0146 | J72: 1.0485 | K72: 1.0082 | L72: 1.035 | M72: 1.0022 | N72: 1.0004 | O72: 1.0211 | P72: 1.0036 | Q72: 1.0076 | R72: 1.0215514
A73: Selected Reasoning | B73: Incurred Loss: 1.7024. CV_5yr 0.3284 (exceeds 0.20 threshold) triggers outlier caution. Apply exclusion of single high/low per framework. Weighted 5-year (1.7024) and simple 5-year (1.784) show 3.2% gap; weighted preferred to dampen outlier influence. All-year (1.6135) 5.5% below, suggesting old periods skew lower. Slope_5yr negative (-0.2685) signals potential regime shift. Incurred more volatile than paid at early maturity; Bayesian anchoring toward weighted 5-year appropriate. Asymmetric conservatism: 3-year (1.4891) substantially below 5-year, so moderate upward approach from lower bounds. Select weighted 5-year as primary anchor with outlier dampening. | C73: Incurred Loss: 1.2575. CV_5yr 0.2103 (at upper tolerance, <0.20 marginal) applies standard averaging with caution. Weighted 5-year (1.2575) vs simple 5-year (1.2309) ~2.1% gap; weighted preferred. All-year (1.1891) 5.4% below 5-year, old-period influence present. Slope_5yr slightly negative (-0.1238), but not severe. 3-year (1.054) much lower (17% below 5-year), hinting at period-specific variance. Use weighted 5-year as stable compromise; incurred stabilizing but still elevated variance. Asymmetric: recent lower than historical, so use moderate conservatism toward middle ground. | D73: Incurred Loss: 1.2002. CV_5yr 0.1316 (acceptable, improving). Weighted 5-year (1.2002) and simple 5-year (1.1874) within 1.1%; all-year (1.153) ~5% below. Slope_5yr negative (-0.0886) but stabilizing. 3-year (1.0948) versus 5-year shows 8.5% gap, indicating period improvement. Recency preference toward 5-year justified; incurred converging toward paid patterns. Use weighted 5-year. Asymmetric: downward from prior → select 25-50% of gap per framework, but here prior unknown so use standard 5-year anchor. | E73: Incurred Loss: 1.0567. CV_5yr 0.0556 (good stability). Weighted 5-year (1.0567), simple 5-year (1.057), and all-year (1.0492) within 0.4%. Slope_5yr near zero (-0.0277). 3-year (1.0233) 3.2% below 5-year, but gap acceptable. Incurred and paid converging well at mid-maturity. Use weighted 5-year. No trend signal; development normal at this maturity. | F73: Incurred Loss: 1.1027. CV_5yr 0.0773 (low). Weighted 5-year (1.1027), simple 5-year (1.1071), and all-year (1.0736) show 3.2% divergence (5-year above all-year). Slope_5yr positive (0.0153) signals modest acceleration. 3-year (1.1167) ~0.8% above 5-year, recent data supporting higher selection. Paid LDF at 1.1192 is close (1.6% above incurred), consistent with paid-to-incurred pattern. Use weighted 5-year with acknowledgment of recent uptick. Development continuing steady. | G73: Incurred Loss: 1.087. CV_5yr 0.074 (moderate). Weighted 5-year (1.087), simple 5-year (1.0836), and all-year (1.0457) show divergence. Slope_5yr positive (0.0123) modest. 3-year (1.0898) very close to weighted 5-year (0.3%), confirming recent stability at higher level. Paid at 1.107 is 1.7% above incurred, within normal range. Use weighted 5-year. Incurred development accelerating at this interval per paid parallels. | H73: Incurred Loss: 1.0065. CV_5yr 0.0136 (very low). Weighted 5-year (1.0065), simple 5-year (1.0076), and all-year (1.0023) show tight convergence within 0.5%. Slope_5yr near zero (0.0063). Development stabilizing. Paid (1.0328) is notably higher, likely due to case reserve dynamics. Use weighted 5-year for incurred consistency. Late-maturity behavior normalizing. | I73: Incurred Loss: 1.0146. CV_5yr 0.0254 (low). Weighted 5-year (1.0146), simple 5-year (1.0207), and all-year (1.0195) show 0.6% range. Slope_5yr near zero (-0.0108). All averages cluster tightly. Paid (1.0132) slightly below, within expected divergence. Use weighted 5-year. Very late maturity, minimal development expected. | J73: Incurred Loss: 1.0485. CV_5yr 0.0393 (low). Weighted 5-year (1.0485), simple 5-year (1.0354), and all-year (1.037) show divergence (weighted 1.3% above simple). Slope_5yr positive (0.0149). 3-year (1.0629) 1.4% above 5-year, recent activity elevated. Paid (1.0645) higher by 1.5%, consistent with paid-to-incurred differential at this depth. Use weighted 5-year as stable anchor with recency confirmation. Late-maturity activity persisting. | K73: Incurred Loss: 1.0082. CV_5yr 0.0134 (very low). Weighted 5-year (1.0082), simple 5-year (1.0059), and all-year (1.0174) show tight band (0.4%). Slope_5yr near zero (-0.0044). Paid (1.0083) nearly identical, confirming convergence. Use weighted 5-year. Very late development minimal and stable. | L73: Incurred Loss: 1.035. CV_5yr 0.0762 (moderate, elevated for this maturity). Weighted 5-year (1.035), simple 5-year (1.0379), and all-year (1.0332) within 0.5%. Slope_5yr near zero (0.0152). 3-year (1.0531) 2.4% above 5-year, suggesting recent acceleration. Paid (1.0189) significantly below, indicating paid-incurred divergence (likely case reserving). Use weighted 5-year. Incurred showing slightly elevated late-tail development relative to paid. | M73: Incurred Loss: 1.0022. CV_5yr 0.0162 (low). Weighted 5-year (1.0022), simple 5-year (1.0033), and all-year (1.0053) within 0.3%. Slope_5yr near zero (-0.0001). All converge tightly. Paid (1.0175) much higher, paid-incurred divergence notable. Use weighted 5-year for incurred. Late tail nearly complete. | N73: Incurred Loss: 1.0004. CV_5yr 0.0004 (essentially zero variability). Weighted 5-year (1.0004), simple 5-year (1.0002), and all-year (1.0054) show excellent convergence on 1.0004. Slope_5yr near zero (-0.0002). Paid (1.0134) much higher again, paid-incurred gap persistent. Use converged 1.0004. Ultra-final tail at completion. | O73: Incurred Loss: 1.0211. CV_5yr 0.0187 (very low). Weighted 5-year (1.0211), simple 5-year (1.01), and all-year (1.0167) show divergence. Slope_5yr near zero (-0.0033). Weighted 5-year preferred for stability. Paid (1.0143) lower, paid-incurred gap. Use weighted 5-year. Very late tail with minimal, stable development. | P73: Incurred Loss: 1.0036. CV_5yr 0.0049 (minimal). Weighted 5-year (1.0036), simple 5-year (1.0047), and all-year (1.0116) show tight 5-year convergence (0.1%). Slope_5yr near zero (-0.0021). Paid (1.0156) higher, gap continuing. Use weighted 5-year. Ultimate tail development minimal. | Q73: Incurred Loss: 1.0076. CV_5yr 0.0089 (very low). Weighted 5-year (1.0076), simple 5-year (1.0086), and all-year (1.0149) show tight 5-year band (0.1%). Slope_5yr near zero (0.003). Paid (1.0115) slightly higher. Use weighted 5-year. Final tail showing consistent minimal development. | R73: Incurred Loss triangle expects medium tail, materially longer than Reported Count but shorter than Paid Loss. Starting age 203 selected: monotonicity check fails (slope_sign_changes=5) but improves significantly from age 143 (9 sign changes), CV=0.0112 (excellent), n_factors=7 meeting minimum. Double exponential provides superior fit diagnostics: R²=0.8862 (well above 0.85 threshold), LOO std dev=0.0037 (stable), gap to last observed=3.2e-05 (immaterial, gap_flag=False). Tail materiality ~0.71% of CDF warrants careful method selection; double_exp balances good fit quality with economical tail estimate. Residual analysis shows sparse anomalies without systematic bias. Bondy (tail=1.0119) rejected due to materiality >0.1%; Bondy and modified variants immaterial rationale not applicable. McClenahan trivial tail (1.0) undershoots observed development. Alternative methods (exp_dev_quick R²=0.32, mcclenahan tail=1.0) lack fit quality or economic substance. Selection reflects ASOP 43 requirement for documented method choice and fit validation.
A74: CDF | B74: =IFERROR(B72*C74,"") | C74: =IFERROR(C72*D74,"") | D74: =IFERROR(D72*E74,"") | E74: =IFERROR(E72*F74,"") | F74: =IFERROR(F72*G74,"") | G74: =IFERROR(G72*H74,"") | H74: =IFERROR(H72*I74,"") | I74: =IFERROR(I72*J74,"") | ... Q74: =IFERROR(Q72*R74,"") | R74: 1.0215514

Sheet Paid
A1: Paid Loss
B2: 11 | C2: 23 | D2: 35 | E2: 47 | F2: 59 | G2: 71 | H2: 83 | I2: 95 | J2: 107 | K2: 119 | L2: 131 | M2: 143 | N2: 155 | O2: 167 | P2: 179 | Q2: 191 | R2: 203
A3: 2001 | B3: 326044.13 | C3: 1047371.8 | D3: 1545726.7 | E3: 1910965.5 | F3: 2224220.1 | G3: 2283776 | H3: 2261773 | I3: 2292314.2 | J3: 2314545.4 | K3: 2342384.6 | L3: 2398200 | M3: 2455705.5 | N3: 2495723.9 | O3: 2559116.7 | P3: 2614164.5 | Q3: 2694350 | R3: 2782412.2
A4: 2002 | B4: 357360.88 | C4: 911072.95 | D4: 1220370 | E4: 1318345.1 | F4: 1483442.1 | G4: 1621735.1 | H4: 1658328.8 | I4: 1687704.3 | J4: 1729579.7 | K4: 1750198.9 | L4: 1780997.2 | M4: 1814423.6 | N4: 1856047.2 | O4: 1903391 | P4: 1943619 | Q4: 1981569.4 | R4: 2038029.9
A5: 2003 | B5: 463735.15 | C5: 1151781.2 | D5: 1329665.9 | E5: 1449345.3 | F5: 1676909.3 | G5: 1760385.6 | H5: 1763038.7 | I5: 1775400.1 | J5: 1772848.1 | K5: 1777183.2 | L5: 1773811.6 | M5: 1774200.3 | N5: 1774330.2 | O5: 1774330.7 | P5: 1774330.7 | Q5: 1774330.1 | R5: 1778091.6
A6: 2004 | B6: 256887.85 | C6: 625982.61 | D6: 806963.73 | E6: 903626.99 | F6: 1055144 | G6: 1059021.1 | H6: 1076244.9 | I6: 1084642.2 | J6: 1104688.4 | K6: 1097915.1 | L6: 1101856.2 | M6: 1108902.1 | N6: 1109362.6 | O6: 1111377.7 | P6: 1112023.7 | Q6: 1122581.1 | R6: 1122581.1
A7: 2005 | B7: 608992.76 | C7: 1236895.5 | D7: 1567631.4 | E7: 1636425.4 | F7: 1758637.9 | G7: 1795133.4 | H7: 1833000.7 | I7: 1852087.6 | J7: 1859809.9 | K7: 1915619.6 | L7: 1970034.8 | M7: 2009947.4 | N7: 2075716.3 | O7: 2114878.8 | P7: 2178586.6 | Q7: 2195933.6 | R7: 2238397.7
A8: 2006 | B8: 284786.43 | C8: 699582.21 | D8: 893260.35 | E8: 972843.97 | F8: 1032368.9 | G8: 1080435.7 | H8: 1125112 | I8: 1132751.2 | J8: 1168539.1 | K8: 1216433.7 | L8: 1328624.7 | M8: 1365342.6 | N8: 1379576.1 | O8: 1405359.4 | P8: 1414931.5 | Q8: 1426750.1 | R8: 1443114.7
A9: 2007 | B9: 503577.87 | C9: 1103237.8 | D9: 1428526 | E9: 1819136.8 | F9: 2157661.1 | G9: 2620801.9 | H9: 2924146.5 | I9: 3151184.6 | J9: 3405400.7 | K9: 3694439.3 | L9: 3998198 | M9: 4198107.2 | N9: 4370392.1 | O9: 4496731 | P9: 4617311.1 | Q9: 4751466.1 | R9: 4781329.5
A10: 2008 | B10: 353516.76 | C10: 646575.05 | D10: 869637.43 | E10: 1188355.7 | F10: 1229852.5 | G10: 1267751.6 | H10: 1276615.5 | I10: 1284777.1 | J10: 1299869.3 | K10: 1317293.3 | L10: 1331382 | M10: 1333966.5 | N10: 1337060.2 | O10: 1338579.4 | P10: 1339456.9 | Q10: 1343001.2 | R10: 1378427.9
A11: 2009 | B11: 228667.64 | C11: 742247.3 | D11: 811950.82 | E11: 834061.93 | F11: 894984.39 | G11: 941084.93 | H11: 969391.36 | I11: 1018256.1 | J11: 1055610.1 | K11: 1071106 | L11: 1081182.4 | M11: 1114205.6 | N11: 1169581.1 | O11: 1169581.1 | P11: 1169581.1 | Q11: 1169581.1
A12: 2010 | B12: 243623.15 | C12: 673150.56 | D12: 915252.77 | E12: 1076920.3 | F12: 1176984.3 | G12: 1201535.4 | H12: 1260309.1 | I12: 1262502.2 | J12: 1266822.1 | K12: 1267621.5 | L12: 1268264 | M12: 1268337.9 | N12: 1269144.8 | O12: 1270069.3 | P12: 1277672.1
A13: 2011 | B13: 364078.04 | C13: 839046.03 | D13: 1308017.9 | E13: 1406826.4 | F13: 1523414.9 | G13: 1658815.1 | H13: 1822167 | I13: 1825756.1 | J13: 1834064.2 | K13: 1848125.5 | L13: 1857745.4 | M13: 1876941.6 | N13: 1886612.6 | O13: 1892658.3
A14: 2012 | B14: 227809.99 | C14: 634577.17 | D14: 799343.71 | E14: 951570.16 | F14: 961178.17 | G14: 967435.71 | H14: 977662 | I14: 1016181.7 | J14: 1048240.6 | K14: 1053040.6 | L14: 1084319.8 | M14: 1145575.5 | N14: 1194236.9
A15: 2013 | B15: 202558.6 | C15: 466110.26 | D15: 544741.44 | E15: 597598.01 | F15: 708646.31 | G15: 706804.64 | H15: 707153.12 | I15: 707153.12 | J15: 708518.77 | K15: 708518.77 | L15: 708529.99 | M15: 708529.99
A16: 2014 | B16: 411721.15 | C16: 738237.02 | D16: 926318.29 | E16: 1179532.4 | F16: 1258547.9 | G16: 1279437 | H16: 1287255.6 | I16: 1291077.2 | J16: 1299245.7 | K16: 1379318 | L16: 1389603.7
A17: 2015 | B17: 380424.84 | C17: 844695.75 | D17: 1420143 | E17: 2080874.4 | F17: 2234622 | G17: 2488067.8 | H17: 2763681.7 | I17: 2914940.5 | J17: 2956733.3 | K17: 3364231.3
A18: 2016 | B18: 339622.81 | C18: 1125902.5 | D18: 1591493.1 | E18: 1791123.5 | F18: 1925889.9 | G18: 2122828.5 | H18: 2419166.3 | I18: 2435189.8 | J18: 2462208.7
A19: 2017 | B19: 336652.39 | C19: 584790.29 | D19: 630127.14 | E19: 710567.19 | F19: 772675.58 | G19: 855730.14 | H19: 1105087.8 | I19: 1205811.8
A20: 2018 | B20: 345419.17 | C20: 993120.11 | D20: 1473722.4 | E20: 2024103.2 | F20: 2140405.1 | G20: 2260849.3 | H20: 2395448.4
A21: 2019 | B21: 289279.86 | C21: 773667.77 | D21: 1353683.5 | E21: 1600695.8 | F21: 1970840.5 | G21: 2395189.8
A22: 2020 | B22: 285916.14 | C22: 730087.97 | D22: 861703.85 | E22: 965936.05 | F22: 976050.86
A23: 2021 | B23: 273712.1 | C23: 546911.88 | D23: 911379.23 | E23: 974979.41
A24: 2022 | B24: 307340.88 | C24: 746644.57 | D24: 791103.71
A25: 2023 | B25: 367267.23 | C25: 1199242.1
A26: 2024 | B26: 355247.76
A28: Age-to-Age Factors
B29: 11-23 | C29: 23-35 | D29: 35-47 | E29: 47-59 | F29: 59-71 | G29: 71-83 | H29: 83-95 | I29: 95-107 | J29: 107-119 | K29: 119-131 | L29: 131-143 | M29: 143-155 | N29: 155-167 | O29: 167-179 | P29: 179-191 | Q29: 191-203 | R29: 203-Ult
A30: 2001 | B30: =IFERROR(IF(C3="","",C3/B3),"") | C30: =IFERROR(IF(D3="","",D3/C3),"") | D30: =IFERROR(IF(E3="","",E3/D3),"") | E30: =IFERROR(IF(F3="","",F3/E3),"") | F30: =IFERROR(IF(G3="","",G3/F3),"") | G30: =IFERROR(IF(H3="","",H3/G3),"") | H30: =IFERROR(IF(I3="","",I3/H3),"") | I30: =IFERROR(IF(J3="","",J3/I3),"") | ... Q30: =IFERROR(IF(R3="","",R3/Q3),"")
A31: 2002 | B31: =IFERROR(IF(C4="","",C4/B4),"") | C31: =IFERROR(IF(D4="","",D4/C4),"") | D31: =IFERROR(IF(E4="","",E4/D4),"") | E31: =IFERROR(IF(F4="","",F4/E4),"") | F31: =IFERROR(IF(G4="","",G4/F4),"") | G31: =IFERROR(IF(H4="","",H4/G4),"") | H31: =IFERROR(IF(I4="","",I4/H4),"") | I31: =IFERROR(IF(J4="","",J4/I4),"") | ... Q31: =IFERROR(IF(R4="","",R4/Q4),"")
A32: 2003 | B32: =IFERROR(IF(C5="","",C5/B5),"") | C32: =IFERROR(IF(D5="","",D5/C5),"") | D32: =IFERROR(IF(E5="","",E5/D5),"") | E32: =IFERROR(IF(F5="","",F5/E5),"") | F32: =IFERROR(IF(G5="","",G5/F5),"") | G32: =IFERROR(IF(H5="","",H5/G5),"") | H32: =IFERROR(IF(I5="","",I5/H5),"") | I32: =IFERROR(IF(J5="","",J5/I5),"") | ... Q32: =IFERROR(IF(R5="","",R5/Q5),"")
A33: 2004 | B33: =IFERROR(IF(C6="","",C6/B6),"") | C33: =IFERROR(IF(D6="","",D6/C6),"") | D33: =IFERROR(IF(E6="","",E6/D6),"") | E33: =IFERROR(IF(F6="","",F6/E6),"") | F33: =IFERROR(IF(G6="","",G6/F6),"") | G33: =IFERROR(IF(H6="","",H6/G6),"") | H33: =IFERROR(IF(I6="","",I6/H6),"") | I33: =IFERROR(IF(J6="","",J6/I6),"") | ... Q33: =IFERROR(IF(R6="","",R6/Q6),"")
A34: 2005 | B34: =IFERROR(IF(C7="","",C7/B7),"") | C34: =IFERROR(IF(D7="","",D7/C7),"") | D34: =IFERROR(IF(E7="","",E7/D7),"") | E34: =IFERROR(IF(F7="","",F7/E7),"") | F34: =IFERROR(IF(G7="","",G7/F7),"") | G34: =IFERROR(IF(H7="","",H7/G7),"") | H34: =IFERROR(IF(I7="","",I7/H7),"") | I34: =IFERROR(IF(J7="","",J7/I7),"") | ... Q34: =IFERROR(IF(R7="","",R7/Q7),"")
A35: 2006 | B35: =IFERROR(IF(C8="","",C8/B8),"") | C35: =IFERROR(IF(D8="","",D8/C8),"") | D35: =IFERROR(IF(E8="","",E8/D8),"") | E35: =IFERROR(IF(F8="","",F8/E8),"") | F35: =IFERROR(IF(G8="","",G8/F8),"") | G35: =IFERROR(IF(H8="","",H8/G8),"") | H35: =IFERROR(IF(I8="","",I8/H8),"") | I35: =IFERROR(IF(J8="","",J8/I8),"") | ... Q35: =IFERROR(IF(R8="","",R8/Q8),"")
A36: 2007 | B36: =IFERROR(IF(C9="","",C9/B9),"") | C36: =IFERROR(IF(D9="","",D9/C9),"") | D36: =IFERROR(IF(E9="","",E9/D9),"") | E36: =IFERROR(IF(F9="","",F9/E9),"") | F36: =IFERROR(IF(G9="","",G9/F9),"") | G36: =IFERROR(IF(H9="","",H9/G9),"") | H36: =IFERROR(IF(I9="","",I9/H9),"") | I36: =IFERROR(IF(J9="","",J9/I9),"") | ... Q36: =IFERROR(IF(R9="","",R9/Q9),"")
A37: 2008 | B37: =IFERROR(IF(C10="","",C10/B10),"") | C37: =IFERROR(IF(D10="","",D10/C10),"") | D37: =IFERROR(IF(E10="","",E10/D10),"") | E37: =IFERROR(IF(F10="","",F10/E10),"") | F37: =IFERROR(IF(G10="","",G10/F10),"") | G37: =IFERROR(IF(H10="","",H10/G10),"") | H37: =IFERROR(IF(I10="","",I10/H10),"") | I37: =IFERROR(IF(J10="","",J10/I10),"") | ... Q37: =IFERROR(IF(R10="","",R10/Q10),"")
A38: 2009 | B38: =IFERROR(IF(C11="","",C11/B11),"") | C38: =IFERROR(IF(D11="","",D11/C11),"") | D38: =IFERROR(IF(E11="","",E11/D11),"") | E38: =IFERROR(IF(F11="","",F11/E11),"") | F38: =IFERROR(IF(G11="","",G11/F11),"") | G38: =IFERROR(IF(H11="","",H11/G11),"") | H38: =IFERROR(IF(I11="","",I11/H11),"") | I38: =IFERROR(IF(J11="","",J11/I11),"") | ... Q38: =IFERROR(IF(R11="","",R11/Q11),"")
A39: 2010 | B39: =IFERROR(IF(C12="","",C12/B12),"") | C39: =IFERROR(IF(D12="","",D12/C12),"") | D39: =IFERROR(IF(E12="","",E12/D12),"") | E39: =IFERROR(IF(F12="","",F12/E12),"") | F39: =IFERROR(IF(G12="","",G12/F12),"") | G39: =IFERROR(IF(H12="","",H12/G12),"") | H39: =IFERROR(IF(I12="","",I12/H12),"") | I39: =IFERROR(IF(J12="","",J12/I12),"") | ... Q39: =IFERROR(IF(R12="","",R12/Q12),"")
A40: 2011 | B40: =IFERROR(IF(C13="","",C13/B13),"") | C40: =IFERROR(IF(D13="","",D13/C13),"") | D40: =IFERROR(IF(E13="","",E13/D13),"") | E40: =IFERROR(IF(F13="","",F13/E13),"") | F40: =IFERROR(IF(G13="","",G13/F13),"") | G40: =IFERROR(IF(H13="","",H13/G13),"") | H40: =IFERROR(IF(I13="","",I13/H13),"") | I40: =IFERROR(IF(J13="","",J13/I13),"") | ... Q40: =IFERROR(IF(R13="","",R13/Q13),"")
A41: 2012 | B41: =IFERROR(IF(C14="","",C14/B14),"") | C41: =IFERROR(IF(D14="","",D14/C14),"") | D41: =IFERROR(IF(E14="","",E14/D14),"") | E41: =IFERROR(IF(F14="","",F14/E14),"") | F41: =IFERROR(IF(G14="","",G14/F14),"") | G41: =IFERROR(IF(H14="","",H14/G14),"") | H41: =IFERROR(IF(I14="","",I14/H14),"") | I41: =IFERROR(IF(J14="","",J14/I14),"") | ... Q41: =IFERROR(IF(R14="","",R14/Q14),"")
... A53: 2024 | B53: =IFERROR(IF(C26="","",C26/B26),"") | C53: =IFERROR(IF(D26="","",D26/C26),"") | D53: =IFERROR(IF(E26="","",E26/D26),"") | E53: =IFERROR(IF(F26="","",F26/E26),"") | F53: =IFERROR(IF(G26="","",G26/F26),"") | G53: =IFERROR(IF(H26="","",H26/G26),"") | H53: =IFERROR(IF(I26="","",I26/H26),"") | I53: =IFERROR(IF(J26="","",J26/I26),"") | ... Q53: =IFERROR(IF(R26="","",R26/Q26),"")
A55: Averages
A56: Metric | B56: 11-23 | C56: 23-35 | D56: 35-47 | E56: 47-59 | F56: 59-71 | G56: 71-83 | H56: 83-95 | I56: 95-107 | J56: 107-119 | K56: 119-131 | L56: 131-143 | M56: 143-155 | N56: 155-167 | O56: 167-179 | P56: 179-191 | Q56: 191-203 | R56: 203-Ult
A57: simple_all | B57: =IFERROR(AVERAGE(B30:B53),AVERAGE(B30:B53)) | C57: =IFERROR(AVERAGE(C30:C53),AVERAGE(C30:C53)) | D57: =IFERROR(AVERAGE(D30:D53),AVERAGE(D30:D53)) | E57: =IFERROR(AVERAGE(E30:E53),AVERAGE(E30:E53)) | F57: =IFERROR(AVERAGE(F30:F53),AVERAGE(F30:F53)) | G57: =IFERROR(AVERAGE(G30:G53),AVERAGE(G30:G53)) | H57: =IFERROR(AVERAGE(H30:H53),AVERAGE(H30:H53)) | I57: =IFERROR(AVERAGE(I30:I53),AVERAGE(I30:I53)) | ... Q57: =IFERROR(AVERAGE(Q30:Q53),AVERAGE(Q30:Q53))
A58: weighted_all | B58: =IFERROR(SUMPRODUCT(B30:B53,B3:B26)/SUMPRODUCT((B30:B53<>"")*B3:B26),SUMPRODUCT(B30:B53,B3:B26)/SUMPRODUCT((B30:B53<>"")*B3:B26)) | C58: =IFERROR(SUMPRODUCT(C30:C53,C3:C26)/SUMPRODUCT((C30:C53<>"")*C3:C26),SUMPRODUCT(C30:C53,C3:C26)/SUMPRODUCT((C30:C53<>"")*C3:C26)) | D58: =IFERROR(SUMPRODUCT(D30:D53,D3:D26)/SUMPRODUCT((D30:D53<>"")*D3:D26),SUMPRODUCT(D30:D53,D3:D26)/SUMPRODUCT((D30:D53<>"")*D3:D26)) | E58: =IFERROR(SUMPRODUCT(E30:E53,E3:E26)/SUMPRODUCT((E30:E53<>"")*E3:E26),SUMPRODUCT(E30:E53,E3:E26)/SUMPRODUCT((E30:E53<>"")*E3:E26)) | F58: =IFERROR(SUMPRODUCT(F30:F53,F3:F26)/SUMPRODUCT((F30:F53<>"")*F3:F26),SUMPRODUCT(F30:F53,F3:F26)/SUMPRODUCT((F30:F53<>"")*F3:F26)) | G58: =IFERROR(SUMPRODUCT(G30:G53,G3:G26)/SUMPRODUCT((G30:G53<>"")*G3:G26),SUMPRODUCT(G30:G53,G3:G26)/SUMPRODUCT((G30:G53<>"")*G3:G26)) | H58: =IFERROR(SUMPRODUCT(H30:H53,H3:H26)/SUMPRODUCT((H30:H53<>"")*H3:H26),SUMPRODUCT(H30:H53,H3:H26)/SUMPRODUCT((H30:H53<>"")*H3:H26)) | I58: =IFERROR(SUMPRODUCT(I30:I53,I3:I26)/SUMPRODUCT((I30:I53<>"")*I3:I26),SUMPRODUCT(I30:I53,I3:I26)/SUMPRODUCT((I30:I53<>"")*I3:I26)) | ... Q58: =IFERROR(SUMPRODUCT(Q30:Q53,Q3:Q26)/SUMPRODUCT((Q30:Q53<>"")*Q3:Q26),SUMPRODUCT(Q30:Q53,Q3:Q26)/SUMPRODUCT((Q30:Q53<>"")*Q3:Q26))
A59: exclude_high_low_all | B59: =IFERROR(TRIMMEAN(B30:B53,2/COUNT(B30:B53)),AVERAGE(B30:B53)) | C59: =IFERROR(TRIMMEAN(C30:C53,2/COUNT(C30:C53)),AVERAGE(C30:C53)) | D59: =IFERROR(TRIMMEAN(D30:D53,2/COUNT(D30:D53)),AVERAGE(D30:D53)) | E59: =IFERROR(TRIMMEAN(E30:E53,2/COUNT(E30:E53)),AVERAGE(E30:E53)) | F59: =IFERROR(TRIMMEAN(F30:F53,2/COUNT(F30:F53)),AVERAGE(F30:F53)) | G59: =IFERROR(TRIMMEAN(G30:G53,2/COUNT(G30:G53)),AVERAGE(G30:G53)) | H59: =IFERROR(TRIMMEAN(H30:H53,2/COUNT(H30:H53)),AVERAGE(H30:H53)) | I59: =IFERROR(TRIMMEAN(I30:I53,2/COUNT(I30:I53)),AVERAGE(I30:I53)) | ... Q59: =IFERROR(TRIMMEAN(Q30:Q53,2/COUNT(Q30:Q53)),AVERAGE(Q30:Q53))
A60: simple_3yr | B60: =IFERROR(AVERAGE(B51:B53),AVERAGE(B30:B53)) | C60: =IFERROR(AVERAGE(C51:C53),AVERAGE(C30:C53)) | D60: =IFERROR(AVERAGE(D51:D53),AVERAGE(D30:D53)) | E60: =IFERROR(AVERAGE(E51:E53),AVERAGE(E30:E53)) | F60: =IFERROR(AVERAGE(F51:F53),AVERAGE(F30:F53)) | G60: =IFERROR(AVERAGE(G51:G53),AVERAGE(G30:G53)) | H60: =IFERROR(AVERAGE(H51:H53),AVERAGE(H30:H53)) | I60: =IFERROR(AVERAGE(I51:I53),AVERAGE(I30:I53)) | ... Q60: =IFERROR(AVERAGE(Q51:Q53),AVERAGE(Q30:Q53))
A61: weighted_3yr | B61: =IFERROR(SUMPRODUCT(B51:B53,B24:B26)/SUMPRODUCT((B51:B53<>"")*B24:B26),SUMPRODUCT(B30:B53,B3:B26)/SUMPRODUCT((B30:B53<>"")*B3:B26)) | C61: =IFERROR(SUMPRODUCT(C51:C53,C24:C26)/SUMPRODUCT((C51:C53<>"")*C24:C26),SUMPRODUCT(C30:C53,C3:C26)/SUMPRODUCT((C30:C53<>"")*C3:C26)) | D61: =IFERROR(SUMPRODUCT(D51:D53,D24:D26)/SUMPRODUCT((D51:D53<>"")*D24:D26),SUMPRODUCT(D30:D53,D3:D26)/SUMPRODUCT((D30:D53<>"")*D3:D26)) | E61: =IFERROR(SUMPRODUCT(E51:E53,E24:E26)/SUMPRODUCT((E51:E53<>"")*E24:E26),SUMPRODUCT(E30:E53,E3:E26)/SUMPRODUCT((E30:E53<>"")*E3:E26)) | F61: =IFERROR(SUMPRODUCT(F51:F53,F24:F26)/SUMPRODUCT((F51:F53<>"")*F24:F26),SUMPRODUCT(F30:F53,F3:F26)/SUMPRODUCT((F30:F53<>"")*F3:F26)) | G61: =IFERROR(SUMPRODUCT(G51:G53,G24:G26)/SUMPRODUCT((G51:G53<>"")*G24:G26),SUMPRODUCT(G30:G53,G3:G26)/SUMPRODUCT((G30:G53<>"")*G3:G26)) | H61: =IFERROR(SUMPRODUCT(H51:H53,H24:H26)/SUMPRODUCT((H51:H53<>"")*H24:H26),SUMPRODUCT(H30:H53,H3:H26)/SUMPRODUCT((H30:H53<>"")*H3:H26)) | I61: =IFERROR(SUMPRODUCT(I51:I53,I24:I26)/SUMPRODUCT((I51:I53<>"")*I24:I26),SUMPRODUCT(I30:I53,I3:I26)/SUMPRODUCT((I30:I53<>"")*I3:I26)) | ... Q61: =IFERROR(SUMPRODUCT(Q51:Q53,Q24:Q26)/SUMPRODUCT((Q51:Q53<>"")*Q24:Q26),SUMPRODUCT(Q30:Q53,Q3:Q26)/SUMPRODUCT((Q30:Q53<>"")*Q3:Q26))
A62: exclude_high_low_3yr | B62: =IFERROR(TRIMMEAN(B51:B53,2/COUNT(B51:B53)),AVERAGE(B30:B53)) | C62: =IFERROR(TRIMMEAN(C51:C53,2/COUNT(C51:C53)),AVERAGE(C30:C53)) | D62: =IFERROR(TRIMMEAN(D51:D53,2/COUNT(D51:D53)),AVERAGE(D30:D53)) | E62: =IFERROR(TRIMMEAN(E51:E53,2/COUNT(E51:E53)),AVERAGE(E30:E53)) | F62: =IFERROR(TRIMMEAN(F51:F53,2/COUNT(F51:F53)),AVERAGE(F30:F53)) | G62: =IFERROR(TRIMMEAN(G51:G53,2/COUNT(G51:G53)),AVERAGE(G30:G53)) | H62: =IFERROR(TRIMMEAN(H51:H53,2/COUNT(H51:H53)),AVERAGE(H30:H53)) | I62: =IFERROR(TRIMMEAN(I51:I53,2/COUNT(I51:I53)),AVERAGE(I30:I53)) | ... Q62: =IFERROR(TRIMMEAN(Q51:Q53,2/COUNT(Q51:Q53)),AVERAGE(Q30:Q53))
A63: simple_5yr | B63: =IFERROR(AVERAGE(B49:B53),AVERAGE(B30:B53)) | C63: =IFERROR(AVERAGE(C49:C53),AVERAGE(C30:C53)) | D63: =IFERROR(AVERAGE(D49:D53),AVERAGE(D30:D53)) | E63: =IFERROR(AVERAGE(E49:E53),AVERAGE(E30:E53)) | F63: =IFERROR(AVERAGE(F49:F53),AVERAGE(F30:F53)) | G63: =IFERROR(AVERAGE(G49:G53),AVERAGE(G30:G53)) | H63: =IFERROR(AVERAGE(H49:H53),AVERAGE(H30:H53)) | I63: =IFERROR(AVERAGE(I49:I53),AVERAGE(I30:I53)) | ... Q63: =IFERROR(AVERAGE(Q49:Q53),AVERAGE(Q30:Q53))
A64: weighted_5yr | B64: =IFERROR(SUMPRODUCT(B49:B53,B22:B26)/SUMPRODUCT((B49:B53<>"")*B22:B26),SUMPRODUCT(B30:B53,B3:B26)/SUMPRODUCT((B30:B53<>"")*B3:B26)) | C64: =IFERROR(SUMPRODUCT(C49:C53,C22:C26)/SUMPRODUCT((C49:C53<>"")*C22:C26),SUMPRODUCT(C30:C53,C3:C26)/SUMPRODUCT((C30:C53<>"")*C3:C26)) | D64: =IFERROR(SUMPRODUCT(D49:D53,D22:D26)/SUMPRODUCT((D49:D53<>"")*D22:D26),SUMPRODUCT(D30:D53,D3:D26)/SUMPRODUCT((D30:D53<>"")*D3:D26)) | E64: =IFERROR(SUMPRODUCT(E49:E53,E22:E26)/SUMPRODUCT((E49:E53<>"")*E22:E26),SUMPRODUCT(E30:E53,E3:E26)/SUMPRODUCT((E30:E53<>"")*E3:E26)) | F64: =IFERROR(SUMPRODUCT(F49:F53,F22:F26)/SUMPRODUCT((F49:F53<>"")*F22:F26),SUMPRODUCT(F30:F53,F3:F26)/SUMPRODUCT((F30:F53<>"")*F3:F26)) | G64: =IFERROR(SUMPRODUCT(G49:G53,G22:G26)/SUMPRODUCT((G49:G53<>"")*G22:G26),SUMPRODUCT(G30:G53,G3:G26)/SUMPRODUCT((G30:G53<>"")*G3:G26)) | H64: =IFERROR(SUMPRODUCT(H49:H53,H22:H26)/SUMPRODUCT((H49:H53<>"")*H22:H26),SUMPRODUCT(H30:H53,H3:H26)/SUMPRODUCT((H30:H53<>"")*H3:H26)) | I64: =IFERROR(SUMPRODUCT(I49:I53,I22:I26)/SUMPRODUCT((I49:I53<>"")*I22:I26),SUMPRODUCT(I30:I53,I3:I26)/SUMPRODUCT((I30:I53<>"")*I3:I26)) | ... Q64: =IFERROR(SUMPRODUCT(Q49:Q53,Q22:Q26)/SUMPRODUCT((Q49:Q53<>"")*Q22:Q26),SUMPRODUCT(Q30:Q53,Q3:Q26)/SUMPRODUCT((Q30:Q53<>"")*Q3:Q26))
A65: exclude_high_low_5yr | B65: =IFERROR(TRIMMEAN(B49:B53,2/COUNT(B49:B53)),AVERAGE(B30:B53)) | C65: =IFERROR(TRIMMEAN(C49:C53,2/COUNT(C49:C53)),AVERAGE(C30:C53)) | D65: =IFERROR(TRIMMEAN(D49:D53,2/COUNT(D49:D53)),AVERAGE(D30:D53)) | E65: =IFERROR(TRIMMEAN(E49:E53,2/COUNT(E49:E53)),AVERAGE(E30:E53)) | F65: =IFERROR(TRIMMEAN(F49:F53,2/COUNT(F49:F53)),AVERAGE(F30:F53)) | G65: =IFERROR(TRIMMEAN(G49:G53,2/COUNT(G49:G53)),AVERAGE(G30:G53)) | H65: =IFERROR(TRIMMEAN(H49:H53,2/COUNT(H49:H53)),AVERAGE(H30:H53)) | I65: =IFERROR(TRIMMEAN(I49:I53,2/COUNT(I49:I53)),AVERAGE(I30:I53)) | ... Q65: =IFERROR(TRIMMEAN(Q49:Q53,2/COUNT(Q49:Q53)),AVERAGE(Q30:Q53))
A66: simple_10yr | B66: =IFERROR(AVERAGE(B44:B53),AVERAGE(B30:B53)) | C66: =IFERROR(AVERAGE(C44:C53),AVERAGE(C30:C53)) | D66: =IFERROR(AVERAGE(D44:D53),AVERAGE(D30:D53)) | E66: =IFERROR(AVERAGE(E44:E53),AVERAGE(E30:E53)) | F66: =IFERROR(AVERAGE(F44:F53),AVERAGE(F30:F53)) | G66: =IFERROR(AVERAGE(G44:G53),AVERAGE(G30:G53)) | H66: =IFERROR(AVERAGE(H44:H53),AVERAGE(H30:H53)) | I66: =IFERROR(AVERAGE(I44:I53),AVERAGE(I30:I53)) | ... Q66: =IFERROR(AVERAGE(Q44:Q53),AVERAGE(Q30:Q53))
A67: weighted_10yr | B67: =IFERROR(SUMPRODUCT(B44:B53,B17:B26)/SUMPRODUCT((B44:B53<>"")*B17:B26),SUMPRODUCT(B30:B53,B3:B26)/SUMPRODUCT((B30:B53<>"")*B3:B26)) | C67: =IFERROR(SUMPRODUCT(C44:C53,C17:C26)/SUMPRODUCT((C44:C53<>"")*C17:C26),SUMPRODUCT(C30:C53,C3:C26)/SUMPRODUCT((C30:C53<>"")*C3:C26)) | D67: =IFERROR(SUMPRODUCT(D44:D53,D17:D26)/SUMPRODUCT((D44:D53<>"")*D17:D26),SUMPRODUCT(D30:D53,D3:D26)/SUMPRODUCT((D30:D53<>"")*D3:D26)) | E67: =IFERROR(SUMPRODUCT(E44:E53,E17:E26)/SUMPRODUCT((E44:E53<>"")*E17:E26),SUMPRODUCT(E30:E53,E3:E26)/SUMPRODUCT((E30:E53<>"")*E3:E26)) | F67: =IFERROR(SUMPRODUCT(F44:F53,F17:F26)/SUMPRODUCT((F44:F53<>"")*F17:F26),SUMPRODUCT(F30:F53,F3:F26)/SUMPRODUCT((F30:F53<>"")*F3:F26)) | G67: =IFERROR(SUMPRODUCT(G44:G53,G17:G26)/SUMPRODUCT((G44:G53<>"")*G17:G26),SUMPRODUCT(G30:G53,G3:G26)/SUMPRODUCT((G30:G53<>"")*G3:G26)) | H67: =IFERROR(SUMPRODUCT(H44:H53,H17:H26)/SUMPRODUCT((H44:H53<>"")*H17:H26),SUMPRODUCT(H30:H53,H3:H26)/SUMPRODUCT((H30:H53<>"")*H3:H26)) | I67: =IFERROR(SUMPRODUCT(I44:I53,I17:I26)/SUMPRODUCT((I44:I53<>"")*I17:I26),SUMPRODUCT(I30:I53,I3:I26)/SUMPRODUCT((I30:I53<>"")*I3:I26)) | ... Q67: =IFERROR(SUMPRODUCT(Q44:Q53,Q17:Q26)/SUMPRODUCT((Q44:Q53<>"")*Q17:Q26),SUMPRODUCT(Q30:Q53,Q3:Q26)/SUMPRODUCT((Q30:Q53<>"")*Q3:Q26))
A68: exclude_high_low_10yr | B68: =IFERROR(TRIMMEAN(B44:B53,2/COUNT(B44:B53)),AVERAGE(B30:B53)) | C68: =IFERROR(TRIMMEAN(C44:C53,2/COUNT(C44:C53)),AVERAGE(C30:C53)) | D68: =IFERROR(TRIMMEAN(D44:D53,2/COUNT(D44:D53)),AVERAGE(D30:D53)) | E68: =IFERROR(TRIMMEAN(E44:E53,2/COUNT(E44:E53)),AVERAGE(E30:E53)) | F68: =IFERROR(TRIMMEAN(F44:F53,2/COUNT(F44:F53)),AVERAGE(F30:F53)) | G68: =IFERROR(TRIMMEAN(G44:G53,2/COUNT(G44:G53)),AVERAGE(G30:G53)) | H68: =IFERROR(TRIMMEAN(H44:H53,2/COUNT(H44:H53)),AVERAGE(H30:H53)) | I68: =IFERROR(TRIMMEAN(I44:I53,2/COUNT(I44:I53)),AVERAGE(I30:I53)) | ... Q68: =IFERROR(TRIMMEAN(Q44:Q53,2/COUNT(Q44:Q53)),AVERAGE(Q30:Q53))
A70: LDF Selections
B71: 11-23 | C71: 23-35 | D71: 35-47 | E71: 47-59 | F71: 59-71 | G71: 71-83 | H71: 83-95 | I71: 95-107 | J71: 107-119 | K71: 119-131 | L71: 131-143 | M71: 143-155 | N71: 155-167 | O71: 167-179 | P71: 179-191 | Q71: 191-203 | R71: 203-Ult
A72: Selected | B72: 2.6232 | C72: 1.4224 | D72: 1.1999 | E72: 1.0978 | F72: 1.1192 | G72: 1.107 | H72: 1.0328 | I72: 1.0132 | J72: 1.0645 | K72: 1.0083 | L72: 1.0189 | M72: 1.0175 | N72: 1.0134 | O72: 1.0143 | P72: 1.0156 | Q72: 1.0115 | R72: 1.0039
A73: Selected Reasoning | B73: Paid Loss: 2.6232. CV_5yr 0.1774 (low) indicates standard averaging reliable. Weighted 5-year and simple 5-year converge closely (2.6232 vs 2.5842, <0.2% gap). Positive slope_5yr (0.1057) suggests slight upward trend, but recent 3-year (2.6286) closely aligns with 5-year. High early development variability is normal; no outlier flags. Strong convergence across averages confirms selection. Early maturity prioritizes Bayesian anchoring (not needed here due to convergence). | C73: Paid Loss: 1.4224. CV_5yr 0.2103 (acceptable, <0.20 threshold) applies standard averaging. Weighted 5-year (1.4224) and simple 5-year (1.428) within 0.3%; all-year (1.3437) ~4.8% below, indicating possible old-period influence. Slope_5yr slightly negative (-0.0932), but recent data stable. Use weighted 5-year as primary, with minor skew toward 5-year vs all-year. No trend confirmation; standard recency (5-year default). | D73: Paid Loss: 1.1999. CV_5yr 0.1004 (acceptable) supports standard average. Weighted 5-year (1.1999) and simple 5-year (1.1749) within 1.3%; all-year (1.1803) tightly aligned. Slope_5yr slightly negative (-0.0368) but minimal. No outlier risk at this maturity. Solid convergence across all averages. 5-year window appropriate; no trend signal. Select upper-middle range (weighted 5-year) for mild conservatism. | E73: Paid Loss: 1.0978. CV_5yr 0.0759 (very low) confirms excellent stability. Weighted 5-year (1.0978), simple 5-year (1.0924), and all-year (1.1038) all within 0.5% band. Slope_5yr near zero (0.0014). Strong convergence signal across all windows. Standard 5-year average applies. No adjustments needed; development stabilizing at mid-range maturity. | F73: Paid Loss: 1.1192. CV_5yr 0.0522 (excellent) indicates highly predictable development. Weighted 5-year (1.1192), simple 5-year (1.119), and all-year (1.0774) show 3% divergence between 5-year and all-year. Positive slope_5yr (0.0158) is modest; 3-year (1.1286) slightly above 5-year. Weight recent years: use weighted 5-year. No sparse data caution. Development persisting at expected pace. | G73: Paid Loss: 1.107. CV_5yr 0.0961 (moderate) applies standard averaging. Weighted 5-year (1.107), simple 5-year (1.1215), and all-year (1.0591) show 5.8% gap between 5-year and all-year. Slope_5yr positive (0.0287); 3-year (1.1298) notably above 5-year, suggesting recent acceleration. Use 5-year anchor with slight confidence boost toward 3-year behavior. Select weighted 5-year as reliable compromise. | H73: Paid Loss: 1.0328. CV_5yr 0.0391 (very low) supports tight averaging. Weighted 5-year (1.0328), simple 5-year (1.0311), and all-year (1.026) all converge within 0.3%. Slope_5yr near zero (0.0186). Excellent stability; development slowing appropriately. Standard 5-year applies. No trend or outlier concerns. Late-maturity behavior normalizing. | I73: Paid Loss: 1.0132. CV_5yr 0.0112 (excellent) confirms tight predictability. Weighted 5-year (1.0132), simple 5-year (1.013), and all-year (1.0208) within 0.4%. Slope_5yr negligible (-0.0028). All averages converge tightly. Late-maturity stability confirmed. Use weighted 5-year as most credible. Development near stabilization. | J73: Paid Loss: 1.0645. CV_5yr 0.0566 (low) indicates reliable averaging. Weighted 5-year (1.0645), simple 5-year (1.0423), and all-year (1.0394) show divergence: weighted 5-year 2.4% above simple. 3-year (1.0982) elevated, suggesting recent activity. Positive slope_5yr (0.0317) confirms pattern. Use weighted 5-year as best balance; late-maturity data still developing. | K73: Paid Loss: 1.0083. CV_5yr 0.0121 (excellent) supports convergence. Weighted 5-year (1.0083), simple 5-year (1.0086), and all-year (1.0282) show slight divergence (weighted vs all ~2%). Slope_5yr near zero (-0.0009). All averages point toward minimal development. Use weighted 5-year. Very late maturity, limited incremental activity expected. | L73: Paid Loss: 1.0189. CV_5yr 0.0237 (low) confirms stable averaging. Weighted 5-year (1.0189), simple 5-year (1.0195), and all-year (1.0226) all within 0.4%. Slope_5yr near zero (-0.0005). Excellent convergence across windows. Use weighted 5-year. Late tail showing consistent near-flat development. | M73: Paid Loss: 1.0175. CV_5yr 0.0235 (low) indicates tight predictability. Weighted 5-year (1.0175), simple 5-year (1.0201), and all-year (1.0211) converge within 0.4%. Slope_5yr near zero (0.0036). All-year and 5-year overlap closely. Use weighted 5-year for consistency. Tail development stabilizing at minimal increment. | N73: Paid Loss: 1.0134. CV_5yr 0.0123 (excellent) shows strong stability. Weighted 5-year (1.0134), simple 5-year (1.0068), and all-year (1.0151) within 0.5%. Slope_5yr near zero (-0.0052). All averages converge tightly. Use weighted 5-year. Very late tail development minimal and consistent. | O73: Paid Loss: 1.0143. CV_5yr 0.0108 (excellent) confirms reliable averaging. Weighted 5-year (1.0143), simple 5-year (1.0081), and all-year (1.0156) within 0.4%. Slope_5yr near zero (-0.0028). Strong convergence across all windows. Use weighted 5-year. Tail showing stable, minimal development. | P73: Paid Loss: 1.0156. CV_5yr 0.0114 (excellent) supports tight averaging. Weighted 5-year (1.0156), simple 5-year (1.0096), and all-year (1.0163) within 0.3%. Slope_5yr near zero (-0.0022). All averages tightly aligned. Use weighted 5-year. Very late maturity showing consistent minimal increments. | Q73: Paid Loss: 1.0115. CV_5yr 0.0103 (excellent) indicates strong stability. Weighted 5-year (1.0115), simple 5-year (1.0127), and all-year (1.0158) within 0.4%. Slope_5yr near zero (0.004). All averages very close. Use weighted 5-year. Late tail development showing consistent pattern. | R73: Paid Loss triangle expects longest tail among dollar measures; however, diagnostics reveal materially immaterial tail development. Starting age 203 selected over age 143: slope_sign_changes reduce from 6 to 3, CV=0.0108 (low), n_factors=7 meeting minimum. Bondy method selected based on materiality anchor: pct_of_cdf=0.058% is well below 0.1% immateriality threshold, indicating tail contributes negligibly to CDF. Gap to last observed factor minimal (gap_flag=False). Curve fits (exp_dev_quick R²=0.354, double_exp LOO std dev=0.0465) lack quality diagnostics and are rejected: exp_dev_quick fails R²>0.85 requirement; double_exp shows unstable LOO performance. McClenahan and modified Bondy variants also rejected—neither improves on immateriality anchor or fit. Skurnick extreme outlier (tail=1.329) inconsistent with observed monotonic decay and rejected. Bondy method (last observed factor=1.0039 at age 203) is appropriate default when immateriality applies, following hierarchy that prioritizes materiality over complex curve fits. Selection ASOP 43 compliant: documented method choice with materiality justification; no curve fit required where tail immaterial.
A74: CDF | B74: =IFERROR(B72*C74,"") | C74: =IFERROR(C72*D74,"") | D74: =IFERROR(D72*E74,"") | E74: =IFERROR(E72*F74,"") | F74: =IFERROR(F72*G74,"") | G74: =IFERROR(G72*H74,"") | H74: =IFERROR(H72*I74,"") | I74: =IFERROR(I72*J74,"") | ... Q74: =IFERROR(Q72*R74,"") | R74: 1.0039

Sheet Reported
A1: Reported Count
B2: 11 | C2: 23 | D2: 35 | E2: 47 | F2: 59 | G2: 71 | H2: 83 | I2: 95 | J2: 107 | K2: 119 | L2: 131 | M2: 143
A3: 2001 | B3: 637.3668 | C3: 682.2332 | D3: 683.5528 | E3: 683.5528 | F3: 683.5528 | G3: 683.5528 | H3: 700.7076 | I3: 700.7076 | J3: 700.7076 | K3: 700.7076 | L3: 700.7076 | M3: 700.7076
A4: 2002 | B4: 613.614 | C4: 634.7276 | D4: 634.7276 | E4: 634.7276 | F4: 634.7276 | G4: 651.8824 | H4: 651.8824 | I4: 651.8824 | J4: 651.8824 | K4: 651.8824 | L4: 651.8824 | M4: 651.8824
A5: 2003 | B5: 534.438 | C5: 552.9124 | D5: 552.9124 | E5: 552.9124 | F5: 550.2732 | G5: 550.2732 | H5: 551.5928 | I5: 551.5928 | J5: 551.5928 | K5: 551.5928 | L5: 551.5928 | M5: 551.5928
A6: 2004 | B6: 603.0572 | C6: 638.6864 | D6: 638.6864 | E6: 641.3256 | F6: 642.6452 | G6: 642.6452 | H6: 642.6452 | I6: 642.6452 | J6: 642.6452 | K6: 642.6452 | L6: 642.6452 | M6: 642.6452
A7: 2005 | B7: 626.81 | C7: 641.3256 | D7: 642.6452 | E7: 641.3256 | F7: 641.3256 | G7: 641.3256 | H7: 641.3256 | I7: 641.3256 | J7: 641.3256 | K7: 641.3256 | L7: 641.3256 | M7: 641.3256
A8: 2006 | B8: 479.0148 | C8: 497.4892 | D8: 497.4892 | E8: 497.4892 | F8: 497.4892 | G8: 497.4892 | H8: 497.4892 | I8: 497.4892 | J8: 497.4892 | K8: 497.4892 | L8: 497.4892 | M8: 497.4892
A9: 2007 | B9: 456.5816 | C9: 476.3756 | D9: 476.3756 | E9: 476.3756 | F9: 476.3756 | G9: 476.3756 | H9: 476.3756 | I9: 476.3756 | J9: 476.3756 | K9: 476.3756 | L9: 476.3756 | M9: 476.3756
A10: 2008 | B10: 307.4668 | C10: 327.2608 | D10: 328.5804 | E10: 328.5804 | F10: 328.5804 | G10: 328.5804 | H10: 328.5804 | I10: 328.5804 | J10: 328.5804 | K10: 328.5804 | L10: 328.5804 | M10: 328.5804
A11: 2009 | B11: 306.1472 | C11: 320.6628 | D11: 321.9824 | E11: 321.9824 | F11: 321.9824 | G11: 321.9824 | H11: 321.9824 | I11: 321.9824 | J11: 321.9824 | K11: 321.9824 | L11: 321.9824 | M11: 321.9824
A12: 2010 | B12: 259.9612 | C12: 271.8376 | D12: 271.8376 | E12: 271.8376 | F12: 271.8376 | G12: 271.8376 | H12: 271.8376 | I12: 271.8376 | J12: 271.8376 | K12: 271.8376 | L12: 271.8376 | M12: 271.8376
A13: 2011 | B13: 345.7352 | C13: 345.7352 | D13: 345.7352 | E13: 345.7352 | F13: 345.7352 | G13: 345.7352 | H13: 345.7352 | I13: 345.7352 | J13: 345.7352 | K13: 345.7352 | L13: 345.7352 | M13: 345.7352
A14: 2012 | B14: 245.4456 | C14: 261.2808 | D14: 261.2808 | E14: 261.2808 | F14: 261.2808 | G14: 261.2808 | H14: 261.2808 | I14: 261.2808 | J14: 261.2808 | K14: 261.2808 | L14: 261.2808 | M14: 261.2808
A15: 2013 | B15: 282.3944 | C15: 290.312 | D15: 290.312 | E15: 291.6316 | F15: 291.6316 | G15: 291.6316 | H15: 291.6316 | I15: 291.6316 | J15: 291.6316 | K15: 291.6316 | L15: 291.6316 | M15: 291.6316
A16: 2014 | B16: 434.1484 | C16: 453.9424 | D16: 455.262 | E16: 455.262 | F16: 455.262 | G16: 455.262 | H16: 455.262 | I16: 455.262 | J16: 455.262 | K16: 455.262 | L16: 455.262
A17: 2015 | B17: 321.9824 | C17: 332.5392 | D17: 337.8176 | E17: 337.8176 | F17: 337.8176 | G17: 337.8176 | H17: 337.8176 | I17: 337.8176 | J17: 337.8176 | K17: 333.8588
A18: 2016 | B18: 345.7352 | C18: 373.4468 | D18: 390.6016 | E18: 390.6016 | F18: 390.6016 | G18: 390.6016 | H18: 390.6016 | I18: 390.6016 | J18: 390.6016
A19: 2017 | B19: 275.7964 | C19: 310.106 | D19: 311.4256 | E19: 312.7452 | F19: 311.4256 | G19: 311.4256 | H19: 311.4256 | I19: 310.106
A20: 2018 | B20: 288.9924 | C20: 324.6216 | D20: 324.6216 | E20: 324.6216 | F20: 325.9412 | G20: 325.9412 | H20: 325.9412
A21: 2019 | B21: 314.0648 | C21: 358.9312 | D21: 358.9312 | E21: 358.9312 | F21: 358.9312 | G21: 357.6116
A22: 2020 | B22: 349.694 | C22: 370.8076 | D22: 370.8076 | E22: 370.8076 | F22: 370.8076
A23: 2021 | B23: 288.9924 | C23: 329.9 | D23: 329.9 | E23: 329.9
A24: 2022 | B24: 261.2808 | C24: 298.2296 | D24: 298.2296
A25: 2023 | B25: 273.1572 | C25: 304.8276
A26: 2024 | B26: 256.0024
A28: Age-to-Age Factors
B29: 11-23 | C29: 23-35 | D29: 35-47 | E29: 47-59 | F29: 59-71 | G29: 71-83 | H29: 83-95 | I29: 95-107 | J29: 107-119 | K29: 119-131 | L29: 131-143 | M29: 143-Ult
A30: 2001 | B30: =IFERROR(IF(C3="","",C3/B3),"") | C30: =IFERROR(IF(D3="","",D3/C3),"") | D30: =IFERROR(IF(E3="","",E3/D3),"") | E30: =IFERROR(IF(F3="","",F3/E3),"") | F30: =IFERROR(IF(G3="","",G3/F3),"") | G30: =IFERROR(IF(H3="","",H3/G3),"") | H30: =IFERROR(IF(I3="","",I3/H3),"") | I30: =IFERROR(IF(J3="","",J3/I3),"") | ... L30: =IFERROR(IF(M3="","",M3/L3),"")
A31: 2002 | B31: =IFERROR(IF(C4="","",C4/B4),"") | C31: =IFERROR(IF(D4="","",D4/C4),"") | D31: =IFERROR(IF(E4="","",E4/D4),"") | E31: =IFERROR(IF(F4="","",F4/E4),"") | F31: =IFERROR(IF(G4="","",G4/F4),"") | G31: =IFERROR(IF(H4="","",H4/G4),"") | H31: =IFERROR(IF(I4="","",I4/H4),"") | I31: =IFERROR(IF(J4="","",J4/I4),"") | ... L31: =IFERROR(IF(M4="","",M4/L4),"")
A32: 2003 | B32: =IFERROR(IF(C5="","",C5/B5),"") | C32: =IFERROR(IF(D5="","",D5/C5),"") | D32: =IFERROR(IF(E5="","",E5/D5),"") | E32: =IFERROR(IF(F5="","",F5/E5),"") | F32: =IFERROR(IF(G5="","",G5/F5),"") | G32: =IFERROR(IF(H5="","",H5/G5),"") | H32: =IFERROR(IF(I5="","",I5/H5),"") | I32: =IFERROR(IF(J5="","",J5/I5),"") | ... L32: =IFERROR(IF(M5="","",M5/L5),"")
A33: 2004 | B33: =IFERROR(IF(C6="","",C6/B6),"") | C33: =IFERROR(IF(D6="","",D6/C6),"") | D33: =IFERROR(IF(E6="","",E6/D6),"") | E33: =IFERROR(IF(F6="","",F6/E6),"") | F33: =IFERROR(IF(G6="","",G6/F6),"") | G33: =IFERROR(IF(H6="","",H6/G6),"") | H33: =IFERROR(IF(I6="","",I6/H6),"") | I33: =IFERROR(IF(J6="","",J6/I6),"") | ... L33: =IFERROR(IF(M6="","",M6/L6),"")
A34: 2005 | B34: =IFERROR(IF(C7="","",C7/B7),"") | C34: =IFERROR(IF(D7="","",D7/C7),"") | D34: =IFERROR(IF(E7="","",E7/D7),"") | E34: =IFERROR(IF(F7="","",F7/E7),"") | F34: =IFERROR(IF(G7="","",G7/F7),"") | G34: =IFERROR(IF(H7="","",H7/G7),"") | H34: =IFERROR(IF(I7="","",I7/H7),"") | I34: =IFERROR(IF(J7="","",J7/I7),"") | ... L34: =IFERROR(IF(M7="","",M7/L7),"")
A35: 2006 | B35: =IFERROR(IF(C8="","",C8/B8),"") | C35: =IFERROR(IF(D8="","",D8/C8),"") | D35: =IFERROR(IF(E8="","",E8/D8),"") | E35: =IFERROR(IF(F8="","",F8/E8),"") | F35: =IFERROR(IF(G8="","",G8/F8),"") | G35: =IFERROR(IF(H8="","",H8/G8),"") | H35: =IFERROR(IF(I8="","",I8/H8),"") | I35: =IFERROR(IF(J8="","",J8/I8),"") | ... L35: =IFERROR(IF(M8="","",M8/L8),"")
A36: 2007 | B36: =IFERROR(IF(C9="","",C9/B9),"") | C36: =IFERROR(IF(D9="","",D9/C9),"") | D36: =IFERROR(IF(E9="","",E9/D9),"") | E36: =IFERROR(IF(F9="","",F9/E9),"") | F36: =IFERROR(IF(G9="","",G9/F9),"") | G36: =IFERROR(IF(H9="","",H9/G9),"") | H36: =IFERROR(IF(I9="","",I9/H9),"") | I36: =IFERROR(IF(J9="","",J9/I9),"") | ... L36: =IFERROR(IF(M9="","",M9/L9),"")
A37: 2008 | B37: =IFERROR(IF(C10="","",C10/B10),"") | C37: =IFERROR(IF(D10="","",D10/C10),"") | D37: =IFERROR(IF(E10="","",E10/D10),"") | E37: =IFERROR(IF(F10="","",F10/E10),"") | F37: =IFERROR(IF(G10="","",G10/F10),"") | G37: =IFERROR(IF(H10="","",H10/G10),"") | H37: =IFERROR(IF(I10="","",I10/H10),"") | I37: =IFERROR(IF(J10="","",J10/I10),"") | ... L37: =IFERROR(IF(M10="","",M10/L10),"")
A38: 2009 | B38: =IFERROR(IF(C11="","",C11/B11),"") | C38: =IFERROR(IF(D11="","",D11/C11),"") | D38: =IFERROR(IF(E11="","",E11/D11),"") | E38: =IFERROR(IF(F11="","",F11/E11),"") | F38: =IFERROR(IF(G11="","",G11/F11),"") | G38: =IFERROR(IF(H11="","",H11/G11),"") | H38: =IFERROR(IF(I11="","",I11/H11),"") | I38: =IFERROR(IF(J11="","",J11/I11),"") | ... L38: =IFERROR(IF(M11="","",M11/L11),"")
A39: 2010 | B39: =IFERROR(IF(C12="","",C12/B12),"") | C39: =IFERROR(IF(D12="","",D12/C12),"") | D39: =IFERROR(IF(E12="","",E12/D12),"") | E39: =IFERROR(IF(F12="","",F12/E12),"") | F39: =IFERROR(IF(G12="","",G12/F12),"") | G39: =IFERROR(IF(H12="","",H12/G12),"") | H39: =IFERROR(IF(I12="","",I12/H12),"") | I39: =IFERROR(IF(J12="","",J12/I12),"") | ... L39: =IFERROR(IF(M12="","",M12/L12),"")
A40: 2011 | B40: =IFERROR(IF(C13="","",C13/B13),"") | C40: =IFERROR(IF(D13="","",D13/C13),"") | D40: =IFERROR(IF(E13="","",E13/D13),"") | E40: =IFERROR(IF(F13="","",F13/E13),"") | F40: =IFERROR(IF(G13="","",G13/F13),"") | G40: =IFERROR(IF(H13="","",H13/G13),"") | H40: =IFERROR(IF(I13="","",I13/H13),"") | I40: =IFERROR(IF(J13="","",J13/I13),"") | ... L40: =IFERROR(IF(M13="","",M13/L13),"")
A41: 2012 | B41: =IFERROR(IF(C14="","",C14/B14),"") | C41: =IFERROR(IF(D14="","",D14/C14),"") | D41: =IFERROR(IF(E14="","",E14/D14),"") | E41: =IFERROR(IF(F14="","",F14/E14),"") | F41: =IFERROR(IF(G14="","",G14/F14),"") | G41: =IFERROR(IF(H14="","",H14/G14),"") | H41: =IFERROR(IF(I14="","",I14/H14),"") | I41: =IFERROR(IF(J14="","",J14/I14),"") | ... L41: =IFERROR(IF(M14="","",M14/L14),"")
... A53: 2024 | B53: =IFERROR(IF(C26="","",C26/B26),"") | C53: =IFERROR(IF(D26="","",D26/C26),"") | D53: =IFERROR(IF(E26="","",E26/D26),"") | E53: =IFERROR(IF(F26="","",F26/E26),"") | F53: =IFERROR(IF(G26="","",G26/F26),"") | G53: =IFERROR(IF(H26="","",H26/G26),"") | H53: =IFERROR(IF(I26="","",I26/H26),"") | I53: =IFERROR(IF(J26="","",J26/I26),"") | ... L53: =IFERROR(IF(M26="","",M26/L26),"")
A55: Averages
A56: Metric | B56: 11-23 | C56: 23-35 | D56: 35-47 | E56: 47-59 | F56: 59-71 | G56: 71-83 | H56: 83-95 | I56: 95-107 | J56: 107-119 | K56: 119-131 | L56: 131-143 | M56: 143-Ult
A57: simple_all | B57: =IFERROR(AVERAGE(B30:B53),AVERAGE(B30:B53)) | C57: =IFERROR(AVERAGE(C30:C53),AVERAGE(C30:C53)) | D57: =IFERROR(AVERAGE(D30:D53),AVERAGE(D30:D53)) | E57: =IFERROR(AVERAGE(E30:E53),AVERAGE(E30:E53)) | F57: =IFERROR(AVERAGE(F30:F53),AVERAGE(F30:F53)) | G57: =IFERROR(AVERAGE(G30:G53),AVERAGE(G30:G53)) | H57: =IFERROR(AVERAGE(H30:H53),AVERAGE(H30:H53)) | I57: =IFERROR(AVERAGE(I30:I53),AVERAGE(I30:I53)) | ... L57: =IFERROR(AVERAGE(L30:L53),AVERAGE(L30:L53))
A58: weighted_all | B58: =IFERROR(SUMPRODUCT(B30:B53,B3:B26)/SUMPRODUCT((B30:B53<>"")*B3:B26),SUMPRODUCT(B30:B53,B3:B26)/SUMPRODUCT((B30:B53<>"")*B3:B26)) | C58: =IFERROR(SUMPRODUCT(C30:C53,C3:C26)/SUMPRODUCT((C30:C53<>"")*C3:C26),SUMPRODUCT(C30:C53,C3:C26)/SUMPRODUCT((C30:C53<>"")*C3:C26)) | D58: =IFERROR(SUMPRODUCT(D30:D53,D3:D26)/SUMPRODUCT((D30:D53<>"")*D3:D26),SUMPRODUCT(D30:D53,D3:D26)/SUMPRODUCT((D30:D53<>"")*D3:D26)) | E58: =IFERROR(SUMPRODUCT(E30:E53,E3:E26)/SUMPRODUCT((E30:E53<>"")*E3:E26),SUMPRODUCT(E30:E53,E3:E26)/SUMPRODUCT((E30:E53<>"")*E3:E26)) | F58: =IFERROR(SUMPRODUCT(F30:F53,F3:F26)/SUMPRODUCT((F30:F53<>"")*F3:F26),SUMPRODUCT(F30:F53,F3:F26)/SUMPRODUCT((F30:F53<>"")*F3:F26)) | G58: =IFERROR(SUMPRODUCT(G30:G53,G3:G26)/SUMPRODUCT((G30:G53<>"")*G3:G26),SUMPRODUCT(G30:G53,G3:G26)/SUMPRODUCT((G30:G53<>"")*G3:G26)) | H58: =IFERROR(SUMPRODUCT(H30:H53,H3:H26)/SUMPRODUCT((H30:H53<>"")*H3:H26),SUMPRODUCT(H30:H53,H3:H26)/SUMPRODUCT((H30:H53<>"")*H3:H26)) | I58: =IFERROR(SUMPRODUCT(I30:I53,I3:I26)/SUMPRODUCT((I30:I53<>"")*I3:I26),SUMPRODUCT(I30:I53,I3:I26)/SUMPRODUCT((I30:I53<>"")*I3:I26)) | ... L58: =IFERROR(SUMPRODUCT(L30:L53,L3:L26)/SUMPRODUCT((L30:L53<>"")*L3:L26),SUMPRODUCT(L30:L53,L3:L26)/SUMPRODUCT((L30:L53<>"")*L3:L26))
A59: exclude_high_low_all | B59: =IFERROR(TRIMMEAN(B30:B53,2/COUNT(B30:B53)),AVERAGE(B30:B53)) | C59: =IFERROR(TRIMMEAN(C30:C53,2/COUNT(C30:C53)),AVERAGE(C30:C53)) | D59: =IFERROR(TRIMMEAN(D30:D53,2/COUNT(D30:D53)),AVERAGE(D30:D53)) | E59: =IFERROR(TRIMMEAN(E30:E53,2/COUNT(E30:E53)),AVERAGE(E30:E53)) | F59: =IFERROR(TRIMMEAN(F30:F53,2/COUNT(F30:F53)),AVERAGE(F30:F53)) | G59: =IFERROR(TRIMMEAN(G30:G53,2/COUNT(G30:G53)),AVERAGE(G30:G53)) | H59: =IFERROR(TRIMMEAN(H30:H53,2/COUNT(H30:H53)),AVERAGE(H30:H53)) | I59: =IFERROR(TRIMMEAN(I30:I53,2/COUNT(I30:I53)),AVERAGE(I30:I53)) | ... L59: =IFERROR(TRIMMEAN(L30:L53,2/COUNT(L30:L53)),AVERAGE(L30:L53))
A60: simple_3yr | B60: =IFERROR(AVERAGE(B51:B53),AVERAGE(B30:B53)) | C60: =IFERROR(AVERAGE(C51:C53),AVERAGE(C30:C53)) | D60: =IFERROR(AVERAGE(D51:D53),AVERAGE(D30:D53)) | E60: =IFERROR(AVERAGE(E51:E53),AVERAGE(E30:E53)) | F60: =IFERROR(AVERAGE(F51:F53),AVERAGE(F30:F53)) | G60: =IFERROR(AVERAGE(G51:G53),AVERAGE(G30:G53)) | H60: =IFERROR(AVERAGE(H51:H53),AVERAGE(H30:H53)) | I60: =IFERROR(AVERAGE(I51:I53),AVERAGE(I30:I53)) | ... L60: =IFERROR(AVERAGE(L51:L53),AVERAGE(L30:L53))
A61: weighted_3yr | B61: =IFERROR(SUMPRODUCT(B51:B53,B24:B26)/SUMPRODUCT((B51:B53<>"")*B24:B26),SUMPRODUCT(B30:B53,B3:B26)/SUMPRODUCT((B30:B53<>"")*B3:B26)) | C61: =IFERROR(SUMPRODUCT(C51:C53,C24:C26)/SUMPRODUCT((C51:C53<>"")*C24:C26),SUMPRODUCT(C30:C53,C3:C26)/SUMPRODUCT((C30:C53<>"")*C3:C26)) | D61: =IFERROR(SUMPRODUCT(D51:D53,D24:D26)/SUMPRODUCT((D51:D53<>"")*D24:D26),SUMPRODUCT(D30:D53,D3:D26)/SUMPRODUCT((D30:D53<>"")*D3:D26)) | E61: =IFERROR(SUMPRODUCT(E51:E53,E24:E26)/SUMPRODUCT((E51:E53<>"")*E24:E26),SUMPRODUCT(E30:E53,E3:E26)/SUMPRODUCT((E30:E53<>"")*E3:E26)) | F61: =IFERROR(SUMPRODUCT(F51:F53,F24:F26)/SUMPRODUCT((F51:F53<>"")*F24:F26),SUMPRODUCT(F30:F53,F3:F26)/SUMPRODUCT((F30:F53<>"")*F3:F26)) | G61: =IFERROR(SUMPRODUCT(G51:G53,G24:G26)/SUMPRODUCT((G51:G53<>"")*G24:G26),SUMPRODUCT(G30:G53,G3:G26)/SUMPRODUCT((G30:G53<>"")*G3:G26)) | H61: =IFERROR(SUMPRODUCT(H51:H53,H24:H26)/SUMPRODUCT((H51:H53<>"")*H24:H26),SUMPRODUCT(H30:H53,H3:H26)/SUMPRODUCT((H30:H53<>"")*H3:H26)) | I61: =IFERROR(SUMPRODUCT(I51:I53,I24:I26)/SUMPRODUCT((I51:I53<>"")*I24:I26),SUMPRODUCT(I30:I53,I3:I26)/SUMPRODUCT((I30:I53<>"")*I3:I26)) | ... L61: =IFERROR(SUMPRODUCT(L51:L53,L24:L26)/SUMPRODUCT((L51:L53<>"")*L24:L26),SUMPRODUCT(L30:L53,L3:L26)/SUMPRODUCT((L30:L53<>"")*L3:L26))
A62: exclude_high_low_3yr | B62: =IFERROR(TRIMMEAN(B51:B53,2/COUNT(B51:B53)),AVERAGE(B30:B53)) | C62: =IFERROR(TRIMMEAN(C51:C53,2/COUNT(C51:C53)),AVERAGE(C30:C53)) | D62: =IFERROR(TRIMMEAN(D51:D53,2/COUNT(D51:D53)),AVERAGE(D30:D53)) | E62: =IFERROR(TRIMMEAN(E51:E53,2/COUNT(E51:E53)),AVERAGE(E30:E53)) | F62: =IFERROR(TRIMMEAN(F51:F53,2/COUNT(F51:F53)),AVERAGE(F30:F53)) | G62: =IFERROR(TRIMMEAN(G51:G53,2/COUNT(G51:G53)),AVERAGE(G30:G53)) | H62: =IFERROR(TRIMMEAN(H51:H53,2/COUNT(H51:H53)),AVERAGE(H30:H53)) | I62: =IFERROR(TRIMMEAN(I51:I53,2/COUNT(I51:I53)),AVERAGE(I30:I53)) | ... L62: =IFERROR(TRIMMEAN(L51:L53,2/COUNT(L51:L53)),AVERAGE(L30:L53))
A63: simple_5yr | B63: =IFERROR(AVERAGE(B49:B53),AVERAGE(B30:B53)) | C63: =IFERROR(AVERAGE(C49:C53),AVERAGE(C30:C53)) | D63: =IFERROR(AVERAGE(D49:D53),AVERAGE(D30:D53)) | E63: =IFERROR(AVERAGE(E49:E53),AVERAGE(E30:E53)) | F63: =IFERROR(AVERAGE(F49:F53),AVERAGE(F30:F53)) | G63: =IFERROR(AVERAGE(G49:G53),AVERAGE(G30:G53)) | H63: =IFERROR(AVERAGE(H49:H53),AVERAGE(H30:H53)) | I63: =IFERROR(AVERAGE(I49:I53),AVERAGE(I30:I53)) | ... L63: =IFERROR(AVERAGE(L49:L53),AVERAGE(L30:L53))
A64: weighted_5yr | B64: =IFERROR(SUMPRODUCT(B49:B53,B22:B26)/SUMPRODUCT((B49:B53<>"")*B22:B26),SUMPRODUCT(B30:B53,B3:B26)/SUMPRODUCT((B30:B53<>"")*B3:B26)) | C64: =IFERROR(SUMPRODUCT(C49:C53,C22:C26)/SUMPRODUCT((C49:C53<>"")*C22:C26),SUMPRODUCT(C30:C53,C3:C26)/SUMPRODUCT((C30:C53<>"")*C3:C26)) | D64: =IFERROR(SUMPRODUCT(D49:D53,D22:D26)/SUMPRODUCT((D49:D53<>"")*D22:D26),SUMPRODUCT(D30:D53,D3:D26)/SUMPRODUCT((D30:D53<>"")*D3:D26)) | E64: =IFERROR(SUMPRODUCT(E49:E53,E22:E26)/SUMPRODUCT((E49:E53<>"")*E22:E26),SUMPRODUCT(E30:E53,E3:E26)/SUMPRODUCT((E30:E53<>"")*E3:E26)) | F64: =IFERROR(SUMPRODUCT(F49:F53,F22:F26)/SUMPRODUCT((F49:F53<>"")*F22:F26),SUMPRODUCT(F30:F53,F3:F26)/SUMPRODUCT((F30:F53<>"")*F3:F26)) | G64: =IFERROR(SUMPRODUCT(G49:G53,G22:G26)/SUMPRODUCT((G49:G53<>"")*G22:G26),SUMPRODUCT(G30:G53,G3:G26)/SUMPRODUCT((G30:G53<>"")*G3:G26)) | H64: =IFERROR(SUMPRODUCT(H49:H53,H22:H26)/SUMPRODUCT((H49:H53<>"")*H22:H26),SUMPRODUCT(H30:H53,H3:H26)/SUMPRODUCT((H30:H53<>"")*H3:H26)) | I64: =IFERROR(SUMPRODUCT(I49:I53,I22:I26)/SUMPRODUCT((I49:I53<>"")*I22:I26),SUMPRODUCT(I30:I53,I3:I26)/SUMPRODUCT((I30:I53<>"")*I3:I26)) | ... L64: =IFERROR(SUMPRODUCT(L49:L53,L22:L26)/SUMPRODUCT((L49:L53<>"")*L22:L26),SUMPRODUCT(L30:L53,L3:L26)/SUMPRODUCT((L30:L53<>"")*L3:L26))
A65: exclude_high_low_5yr | B65: =IFERROR(TRIMMEAN(B49:B53,2/COUNT(B49:B53)),AVERAGE(B30:B53)) | C65: =IFERROR(TRIMMEAN(C49:C53,2/COUNT(C49:C53)),AVERAGE(C30:C53)) | D65: =IFERROR(TRIMMEAN(D49:D53,2/COUNT(D49:D53)),AVERAGE(D30:D53)) | E65: =IFERROR(TRIMMEAN(E49:E53,2/COUNT(E49:E53)),AVERAGE(E30:E53)) | F65: =IFERROR(TRIMMEAN(F49:F53,2/COUNT(F49:F53)),AVERAGE(F30:F53)) | G65: =IFERROR(TRIMMEAN(G49:G53,2/COUNT(G49:G53)),AVERAGE(G30:G53)) | H65: =IFERROR(TRIMMEAN(H49:H53,2/COUNT(H49:H53)),AVERAGE(H30:H53)) | I65: =IFERROR(TRIMMEAN(I49:I53,2/COUNT(I49:I53)),AVERAGE(I30:I53)) | ... L65: =IFERROR(TRIMMEAN(L49:L53,2/COUNT(L49:L53)),AVERAGE(L30:L53))
A66: simple_10yr | B66: =IFERROR(AVERAGE(B44:B53),AVERAGE(B30:B53)) | C66: =IFERROR(AVERAGE(C44:C53),AVERAGE(C30:C53)) | D66: =IFERROR(AVERAGE(D44:D53),AVERAGE(D30:D53)) | E66: =IFERROR(AVERAGE(E44:E53),AVERAGE(E30:E53)) | F66: =IFERROR(AVERAGE(F44:F53),AVERAGE(F30:F53)) | G66: =IFERROR(AVERAGE(G44:G53),AVERAGE(G30:G53)) | H66: =IFERROR(AVERAGE(H44:H53),AVERAGE(H30:H53)) | I66: =IFERROR(AVERAGE(I44:I53),AVERAGE(I30:I53)) | ... L66: =IFERROR(AVERAGE(L44:L53),AVERAGE(L30:L53))
A67: weighted_10yr | B67: =IFERROR(SUMPRODUCT(B44:B53,B17:B26)/SUMPRODUCT((B44:B53<>"")*B17:B26),SUMPRODUCT(B30:B53,B3:B26)/SUMPRODUCT((B30:B53<>"")*B3:B26)) | C67: =IFERROR(SUMPRODUCT(C44:C53,C17:C26)/SUMPRODUCT((C44:C53<>"")*C17:C26),SUMPRODUCT(C30:C53,C3:C26)/SUMPRODUCT((C30:C53<>"")*C3:C26)) | D67: =IFERROR(SUMPRODUCT(D44:D53,D17:D26)/SUMPRODUCT((D44:D53<>"")*D17:D26),SUMPRODUCT(D30:D53,D3:D26)/SUMPRODUCT((D30:D53<>"")*D3:D26)) | E67: =IFERROR(SUMPRODUCT(E44:E53,E17:E26)/SUMPRODUCT((E44:E53<>"")*E17:E26),SUMPRODUCT(E30:E53,E3:E26)/SUMPRODUCT((E30:E53<>"")*E3:E26)) | F67: =IFERROR(SUMPRODUCT(F44:F53,F17:F26)/SUMPRODUCT((F44:F53<>"")*F17:F26),SUMPRODUCT(F30:F53,F3:F26)/SUMPRODUCT((F30:F53<>"")*F3:F26)) | G67: =IFERROR(SUMPRODUCT(G44:G53,G17:G26)/SUMPRODUCT((G44:G53<>"")*G17:G26),SUMPRODUCT(G30:G53,G3:G26)/SUMPRODUCT((G30:G53<>"")*G3:G26)) | H67: =IFERROR(SUMPRODUCT(H44:H53,H17:H26)/SUMPRODUCT((H44:H53<>"")*H17:H26),SUMPRODUCT(H30:H53,H3:H26)/SUMPRODUCT((H30:H53<>"")*H3:H26)) | I67: =IFERROR(SUMPRODUCT(I44:I53,I17:I26)/SUMPRODUCT((I44:I53<>"")*I17:I26),SUMPRODUCT(I30:I53,I3:I26)/SUMPRODUCT((I30:I53<>"")*I3:I26)) | ... L67: =IFERROR(SUMPRODUCT(L44:L53,L17:L26)/SUMPRODUCT((L44:L53<>"")*L17:L26),SUMPRODUCT(L30:L53,L3:L26)/SUMPRODUCT((L30:L53<>"")*L3:L26))
A68: exclude_high_low_10yr | B68: =IFERROR(TRIMMEAN(B44:B53,2/COUNT(B44:B53)),AVERAGE(B30:B53)) | C68: =IFERROR(TRIMMEAN(C44:C53,2/COUNT(C44:C53)),AVERAGE(C30:C53)) | D68: =IFERROR(TRIMMEAN(D44:D53,2/COUNT(D44:D53)),AVERAGE(D30:D53)) | E68: =IFERROR(TRIMMEAN(E44:E53,2/COUNT(E44:E53)),AVERAGE(E30:E53)) | F68: =IFERROR(TRIMMEAN(F44:F53,2/COUNT(F44:F53)),AVERAGE(F30:F53)) | G68: =IFERROR(TRIMMEAN(G44:G53,2/COUNT(G44:G53)),AVERAGE(G30:G53)) | H68: =IFERROR(TRIMMEAN(H44:H53,2/COUNT(H44:H53)),AVERAGE(H30:H53)) | I68: =IFERROR(TRIMMEAN(I44:I53,2/COUNT(I44:I53)),AVERAGE(I30:I53)) | ... L68: =IFERROR(TRIMMEAN(L44:L53,2/COUNT(L44:L53)),AVERAGE(L30:L53))
A70: LDF Selections
B71: 11-23 | C71: 23-35 | D71: 35-47 | E71: 47-59 | F71: 59-71 | G71: 71-83 | H71: 83-95 | I71: 95-107 | J71: 107-119 | K71: 119-131 | L71: 131-143 | M71: 143-Ult
A72: Selected | B72: 1.118 | C72: 1 | D72: 1.0008 | E72: 1 | F72: 0.9992 | G72: 1 | H72: 0.9993 | I72: 1 | J72: 0.9977 | K72: 1 | L72: 1 | M72: 1
A73: Selected Reasoning | B73: Reported Count: 1.118. CV_5yr 0.0316 (low, excellent for count data). Weighted 5-year (1.118), simple 5-year (1.1204), and all-year (1.0617) show divergence: weighted/simple at 1.118-1.120 vs all-year 5.3% below. Slope_5yr near zero (0.0027) shows stability. 3-year (1.133) 1.2% above 5-year, recent counts elevated. Reported count stability high; use weighted 5-year as primary anchor with confidence. Early maturity count reporting strong. Frequency-related development normal; no severity shock signals (paid/incurred LDFs independently high, separate drivers). | C73: Reported Count: 1.0. CV_5yr 0.0 (zero variability). All averages (weighted 5-year, simple 5-year, all-year) equal 1.0 exactly. Perfect convergence signal (§8). Slope_5yr near zero (-0.0). Count development completely flat at this maturity; virtually no incremental reported claims. Use converged 1.0. Counts solidifying after early reporting spike. | D73: Reported Count: 1.0008. CV_5yr 0.0019 (minimal). All averages (weighted 5-year 1.0008, simple 5-year 1.0008, all-year 1.0004) converge extremely tightly within 0.04%. Slope_5yr near zero (-0.0008). Perfect alignment signal. Count development negligible at this interval. Use converged 1.0008. Counts essentially finalized by this depth. | E73: Reported Count: 1.0. CV_5yr 0.0029 (minimal). Weighted 5-year (1.0), simple 5-year (1.0), and all-year (0.9998) show convergence at 1.0 for recent windows. Slope_5yr near zero (0.0004). All main averages align at 1.0. Count development flat. Use 1.0. Counts fully crystallized by mid-tail. | F73: Reported Count: 0.9992. CV_5yr 0.0017 (minimal). Weighted 5-year (0.9992), simple 5-year (0.9993), and all-year (1.0019) converge on 5-year at ~0.9992. Slope_5yr near zero (-0.0007). All-year 0.27% above 5-year. Count development showing minimal closure activity (LDF <1.0 indicates claim closure without new reports). Use weighted 5-year. Count finalization in progress, slight decline normal. | G73: Reported Count: 1.0. CV_5yr 0.0 (zero variability). All averages (weighted 5-year, simple 5-year, all-year) equal 1.0 exactly. Perfect convergence. Slope_5yr near zero (0.0). Count development flat at this maturity. Use 1.0. Counts stable and final. | H73: Reported Count: 0.9993. CV_5yr 0.0019 (minimal). Weighted 5-year (0.9993), simple 5-year (0.9992), and all-year (0.9998) converge tightly on 5-year at ~0.9993. Slope_5yr near zero (-0.0008). Convergence signal (§8). Count development showing slight closure dynamic (<1.0). Use weighted 5-year. Counts declining slightly through settlement. | I73: Reported Count: 1.0. CV_5yr 0.0 (zero variability). All averages equal 1.0 exactly. Perfect convergence across all windows. Slope_5yr 0.0. Count development flat. Use 1.0. Counts static at this maturity. | J73: Reported Count: 0.9977. CV_5yr 0.0052 (low). Weighted 5-year (0.9977), simple 5-year (0.9977), and all-year (0.9994) show convergence on 5-year at 0.9977. Slope_5yr near zero (-0.0023). All-year 0.17% above 5-year. Count development showing mild closure/retirement activity. Use weighted 5-year. Late counts declining through normal closure process. | K73: Reported Count: 1.0. CV_5yr 0.0 (zero variability). All averages (weighted 5-year, simple 5-year, all-year) equal 1.0 exactly. Perfect convergence. Slope_5yr 0.0. Count development flat. Use 1.0. Counts finalized and static. | L73: Reported Count: 1.0. CV_5yr 0.0 (zero variability). All averages equal 1.0 exactly. Perfect convergence across all windows. Slope_5yr 0.0. Count development completely flat at this very late maturity. Use 1.0. Counts at ultimate closure. | M73: Reported Count triangle exhibits shortest tail of all measures — factors are 1.0 from age 143 onward (zero development). Starting age 143 satisfies monotonicity (is_monotone_from_here=True), zero CV, zero slope sign changes, and 12 factors in fit. No curve fit diagnostics required. Tail immateriality anchor applies: pct_of_cdf not evaluated due to zero development (tail immaterial). Bondy method (last observed factor = 1.0) is appropriate default for reported count where development has ceased. Gap to last observed negligible (gap_flag=False). ASOP 43 compliant: tail selection reflects completed reporting pattern; no future development expected in reported counts.
A74: CDF | B74: =IFERROR(B72*C74,"") | C74: =IFERROR(C72*D74,"") | D74: =IFERROR(D72*E74,"") | E74: =IFERROR(E72*F74,"") | F74: =IFERROR(F72*G74,"") | G74: =IFERROR(G72*H74,"") | H74: =IFERROR(H72*I74,"") | I74: =IFERROR(I72*J74,"") | ... L74: =IFERROR(L72*M74,"") | M74: 1

Sheet Exposure
A1: Exposure
A2: Period | B2: Exposure
A3: 2001 | B3: 3.1637737e+08
A4: 2002 | B4: 3.2270492e+08
A5: 2003 | B5: 3.2915902e+08
A6: 2004 | B6: 335742196
A7: 2005 | B7: 342457040
A8: 2006 | B8: 3.4930618e+08
A9: 2007 | B9: 3.562923e+08
A10: 2008 | B10: 3.6341815e+08
A11: 2009 | B11: 3.7068651e+08
A12: 2010 | B12: 3.7810024e+08
A13: 2011 | B13: 3.8566225e+08
A14: 2012 | B14: 3.9337549e+08
... A26: 2024 | B26: 4.9889524e+08

Sheet Diag - Rptd Claims
A1: Reported Claims
B2: 11 | C2: 23 | D2: 35 | E2: 47 | F2: 59 | G2: 71 | H2: 83 | I2: 95 | J2: 107 | K2: 119 | L2: 131 | M2: 143 | N2: 155 | O2: 167 | P2: 179 | Q2: 191 | R2: 203 | S2: 215 | T2: 227 | U2: 239 | V2: 251 | W2: 263 | X2: 275 | Y2: 287
A3: 2001 | B3: 637.3668 | C3: 682.2332 | D3: 683.5528 | E3: 683.5528 | F3: 683.5528 | G3: 683.5528 | H3: 700.7076 | I3: 700.7076 | J3: 700.7076 | K3: 700.7076 | L3: 700.7076 | M3: 700.7076 | N3: 700.7076 | O3: 700.7076 | P3: 700.7076 | Q3: 700.7076 | R3: 700.7076 | S3: 700.7076 | T3: 700.7076 | U3: 700.7076 | V3: 700.7076 | W3: 700.7076 | X3: 700.7076 | Y3: 700.7076
A4: 2002 | B4: 613.614 | C4: 634.7276 | D4: 634.7276 | E4: 634.7276 | F4: 634.7276 | G4: 651.8824 | H4: 651.8824 | I4: 651.8824 | J4: 651.8824 | K4: 651.8824 | L4: 651.8824 | M4: 651.8824 | N4: 651.8824 | O4: 651.8824 | P4: 651.8824 | Q4: 651.8824 | R4: 651.8824 | S4: 651.8824 | T4: 651.8824 | U4: 651.8824 | V4: 651.8824 | W4: 651.8824 | X4: 651.8824
A5: 2003 | B5: 534.438 | C5: 552.9124 | D5: 552.9124 | E5: 552.9124 | F5: 550.2732 | G5: 550.2732 | H5: 551.5928 | I5: 551.5928 | J5: 551.5928 | K5: 551.5928 | L5: 551.5928 | M5: 551.5928 | N5: 551.5928 | O5: 551.5928 | P5: 551.5928 | Q5: 551.5928 | R5: 551.5928 | S5: 551.5928 | T5: 551.5928 | U5: 551.5928 | V5: 551.5928 | W5: 551.5928
A6: 2004 | B6: 603.0572 | C6: 638.6864 | D6: 638.6864 | E6: 641.3256 | F6: 642.6452 | G6: 642.6452 | H6: 642.6452 | I6: 642.6452 | J6: 642.6452 | K6: 642.6452 | L6: 642.6452 | M6: 642.6452 | N6: 642.6452 | O6: 642.6452 | P6: 642.6452 | Q6: 642.6452 | R6: 642.6452 | S6: 642.6452 | T6: 642.6452 | U6: 642.6452 | V6: 642.6452
A7: 2005 | B7: 626.81 | C7: 641.3256 | D7: 642.6452 | E7: 641.3256 | F7: 641.3256 | G7: 641.3256 | H7: 641.3256 | I7: 641.3256 | J7: 641.3256 | K7: 641.3256 | L7: 641.3256 | M7: 641.3256 | N7: 641.3256 | O7: 641.3256 | P7: 641.3256 | Q7: 641.3256 | R7: 641.3256 | S7: 641.3256 | T7: 641.3256 | U7: 641.3256
A8: 2006 | B8: 479.0148 | C8: 497.4892 | D8: 497.4892 | E8: 497.4892 | F8: 497.4892 | G8: 497.4892 | H8: 497.4892 | I8: 497.4892 | J8: 497.4892 | K8: 497.4892 | L8: 497.4892 | M8: 497.4892 | N8: 497.4892 | O8: 497.4892 | P8: 497.4892 | Q8: 497.4892 | R8: 497.4892 | S8: 497.4892 | T8: 497.4892
A9: 2007 | B9: 456.5816 | C9: 476.3756 | D9: 476.3756 | E9: 476.3756 | F9: 476.3756 | G9: 476.3756 | H9: 476.3756 | I9: 476.3756 | J9: 476.3756 | K9: 476.3756 | L9: 476.3756 | M9: 476.3756 | N9: 476.3756 | O9: 476.3756 | P9: 476.3756 | Q9: 476.3756 | R9: 476.3756 | S9: 476.3756
A10: 2008 | B10: 307.4668 | C10: 327.2608 | D10: 328.5804 | E10: 328.5804 | F10: 328.5804 | G10: 328.5804 | H10: 328.5804 | I10: 328.5804 | J10: 328.5804 | K10: 328.5804 | L10: 328.5804 | M10: 328.5804 | N10: 328.5804 | O10: 328.5804 | P10: 328.5804 | Q10: 328.5804 | R10: 328.5804
A11: 2009 | B11: 306.1472 | C11: 320.6628 | D11: 321.9824 | E11: 321.9824 | F11: 321.9824 | G11: 321.9824 | H11: 321.9824 | I11: 321.9824 | J11: 321.9824 | K11: 321.9824 | L11: 321.9824 | M11: 321.9824 | N11: 321.9824 | O11: 321.9824 | P11: 321.9824 | Q11: 321.9824
A12: 2010 | B12: 259.9612 | C12: 271.8376 | D12: 271.8376 | E12: 271.8376 | F12: 271.8376 | G12: 271.8376 | H12: 271.8376 | I12: 271.8376 | J12: 271.8376 | K12: 271.8376 | L12: 271.8376 | M12: 271.8376 | N12: 271.8376 | O12: 271.8376 | P12: 271.8376
A13: 2011 | B13: 345.7352 | C13: 345.7352 | D13: 345.7352 | E13: 345.7352 | F13: 345.7352 | G13: 345.7352 | H13: 345.7352 | I13: 345.7352 | J13: 345.7352 | K13: 345.7352 | L13: 345.7352 | M13: 345.7352 | N13: 345.7352 | O13: 345.7352
A14: 2012 | B14: 245.4456 | C14: 261.2808 | D14: 261.2808 | E14: 261.2808 | F14: 261.2808 | G14: 261.2808 | H14: 261.2808 | I14: 261.2808 | J14: 261.2808 | K14: 261.2808 | L14: 261.2808 | M14: 261.2808 | N14: 261.2808
A15: 2013 | B15: 282.3944 | C15: 290.312 | D15: 290.312 | E15: 291.6316 | F15: 291.6316 | G15: 291.6316 | H15: 291.6316 | I15: 291.6316 | J15: 291.6316 | K15: 291.6316 | L15: 291.6316 | M15: 291.6316
A16: 2014 | B16: 434.1484 | C16: 453.9424 | D16: 455.262 | E16: 455.262 | F16: 455.262 | G16: 455.262 | H16: 455.262 | I16: 455.262 | J16: 455.262 | K16: 455.262 | L16: 455.262
A17: 2015 | B17: 321.9824 | C17: 332.5392 | D17: 337.8176 | E17: 337.8176 | F17: 337.8176 | G17: 337.8176 | H17: 337.8176 | I17: 337.8176 | J17: 337.8176 | K17: 333.8588
A18: 2016 | B18: 345.7352 | C18: 373.4468 | D18: 390.6016 | E18: 390.6016 | F18: 390.6016 | G18: 390.6016 | H18: 390.6016 | I18: 390.6016 | J18: 390.6016
A19: 2017 | B19: 275.7964 | C19: 310.106 | D19: 311.4256 | E19: 312.7452 | F19: 311.4256 | G19: 311.4256 | H19: 311.4256 | I19: 310.106
A20: 2018 | B20: 288.9924 | C20: 324.6216 | D20: 324.6216 | E20: 324.6216 | F20: 325.9412 | G20: 325.9412 | H20: 325.9412
A21: 2019 | B21: 314.0648 | C21: 358.9312 | D21: 358.9312 | E21: 358.9312 | F21: 358.9312 | G21: 357.6116
A22: 2020 | B22: 349.694 | C22: 370.8076 | D22: 370.8076 | E22: 370.8076 | F22: 370.8076
A23: 2021 | B23: 288.9924 | C23: 329.9 | D23: 329.9 | E23: 329.9
A24: 2022 | B24: 261.2808 | C24: 298.2296 | D24: 298.2296
A25: 2023 | B25: 273.1572 | C25: 304.8276
A26: 2024 | B26: 256.0024

Sheet Diag - Inc Severity
A1: Incurred Severity
B2: 11 | C2: 23 | D2: 35 | E2: 47 | F2: 59 | G2: 71 | H2: 83 | I2: 95 | J2: 107 | K2: 119 | L2: 131 | M2: 143 | N2: 155 | O2: 167 | P2: 179 | Q2: 191 | R2: 203 | S2: 215 | T2: 227 | U2: 239 | V2: 251 | W2: 263 | X2: 275 | Y2: 287
A3: 2001 | B3: 890.118 | C3: 2278.4062 | D3: 2782.9421 | E3: 3062.5888 | F3: 3292.6042 | G3: 3515.439 | H3: 3421.3038 | I3: 3453.2106 | J3: 3478.3519 | K3: 3507.6464 | L3: 3582.8588 | M3: 3657.3908 | N3: 3653.4369 | O3: 3736.9976 | P3: 3800.6836 | Q3: 4002.7778 | R3: 4097.3409 | S3: 4224.0147 | T3: 4299.9339 | U3: 4299.9339 | V3: 4400.6872 | W3: 4461.8925 | X3: 4461.8925 | Y3: 4515.1126
A4: 2002 | B4: 1512.0882 | C4: 2090.9875 | D4: 2115.5884 | E4: 2527.4532 | F4: 2560.7772 | G4: 2649.7009 | H4: 2700.0288 | I4: 2700.5895 | J4: 2759.7609 | K4: 2786.3555 | L4: 2814.9283 | M4: 2910.4049 | N4: 2914.2643 | O4: 3031.1417 | P4: 3111.0506 | Q4: 3156.834 | R4: 3323.8277 | S4: 3327.6029 | T4: 3327.6029 | U4: 3468.5593 | V4: 3447.0276 | W4: 3570.7879 | X4: 3570.7879
A5: 2003 | B5: 1888.6444 | C5: 2638.2005 | D5: 2855.6611 | E5: 3394.6267 | F5: 3095.9768 | G5: 3306.0384 | H5: 3289.0123 | I5: 3264.184 | J5: 3258.0917 | K5: 3265.2436 | L5: 3258.4234 | M5: 3233.217 | N5: 3216.7392 | O5: 3216.7391 | P5: 3216.7391 | Q5: 3216.7391 | R5: 3223.5583 | S5: 3223.5583 | T5: 3223.5583 | U5: 3223.5583 | V5: 3223.5583 | W5: 3223.5583
A6: 2004 | B6: 1172.3435 | C6: 1263.6591 | D6: 1395.2806 | E6: 1455.3763 | F6: 1641.8764 | G6: 1650.9895 | H6: 1681.4597 | I6: 1694.3798 | J6: 1734.6258 | K6: 1719.1458 | L6: 1758.8212 | M6: 1738.9466 | N6: 1739.6468 | O6: 1740.152 | P6: 1740.151 | Q6: 1746.8131 | R6: 1746.8131 | S6: 1746.8131 | T6: 1746.8131 | U6: 1746.8655 | V6: 1746.8655
A7: 2005 | B7: 1993.7326 | C7: 2538.8382 | D7: 2768.881 | E7: 2706.5528 | F7: 2807.1297 | G7: 2852.9634 | H7: 2911.0234 | I7: 2927.4654 | J7: 2965.2737 | K7: 3046.2327 | L7: 3081.9362 | M7: 3449.9444 | N7: 3449.963 | O7: 3386.3438 | P7: 3420.0517 | Q7: 3443.969 | R7: 3496.1167 | S7: 3496.1167 | T7: 3496.1167 | U7: 3496.1167
A8: 2006 | B8: 1599.0849 | C8: 2327.8896 | D8: 2023.4351 | E8: 2163.9389 | F8: 2183.4454 | G8: 2293.584 | H8: 2394.6572 | I8: 2350.5597 | J8: 2411.7895 | K8: 2501.2918 | L8: 2709.3077 | M8: 2872.1777 | N8: 2951.2085 | O8: 2982.9877 | P8: 2984.7119 | Q8: 3019.1946 | R8: 3028.4784 | S8: 3050.5924 | T8: 3050.5924
A9: 2007 | B9: 3777.3245 | C9: 3941.769 | D9: 4293.0553 | E9: 4810.1306 | F9: 5361.7176 | G9: 6400.5666 | H9: 6807.7258 | I9: 7553.3299 | J9: 8094.4377 | K9: 8917.1247 | L9: 9190.7313 | M9: 9456.2728 | N9: 9608.6579 | O9: 9617.6212 | P9: 10037.182 | Q9: 10037.182 | R9: 10073.235 | S9: 10098.701
A10: 2008 | B10: 1809.473 | C10: 2355.6596 | D10: 2839.9925 | E10: 3950.3476 | F10: 3828.9536 | G10: 3893.4618 | H10: 3914.5485 | I10: 3966.0723 | J10: 3988.739 | K10: 4127.0241 | L10: 4147.332 | M10: 4148.0168 | N10: 4087.6122 | O10: 4088.6162 | P10: 4088.6162 | Q10: 4108.6965 | R10: 4195.1009
A11: 2009 | B11: 1167.6749 | C11: 2721.0436 | D11: 2553.6801 | E11: 2617.3913 | F11: 2791.3361 | G11: 2934.6002 | H11: 3041.3852 | I11: 3479.5492 | J11: 3479.5697 | K11: 3479.575 | L11: 3479.575 | M11: 3526.7061 | N11: 3632.438 | O11: 3632.438 | P11: 3632.438 | Q11: 3632.438
A12: 2010 | B12: 1384.9391 | C12: 2687.5986 | D12: 3499.5972 | E12: 4066.1699 | F12: 4547.5156 | G12: 4498.6408 | H12: 4676.9369 | I12: 4682.4417 | J12: 4660.2165 | K12: 4663.1575 | L12: 4666.8177 | M12: 4667.0895 | N12: 4673.1575 | O12: 4672.1618 | P12: 4700.13
A13: 2011 | B13: 1313.2806 | C13: 2565.3152 | D13: 3783.2939 | E13: 4368.5282 | F13: 4661.1947 | G13: 5034.2137 | H13: 5312.4542 | I13: 5312.7876 | J13: 5386.0395 | K13: 5406.7113 | L13: 5559.1271 | M13: 5542.0495 | N13: 5542.0495 | O13: 5542.0495
A14: 2012 | B14: 1368.4788 | C14: 2612.096 | D14: 3413.9935 | E14: 3710.1818 | F14: 3698.5859 | G14: 3730.9798 | H14: 3745.9265 | I14: 3939.0426 | J14: 4159.1215 | K14: 4394.3121 | L14: 4427.1404 | M14: 5219.4933 | N14: 5219.4933
A15: 2013 | B15: 988.3224 | C15: 1755.5463 | D15: 1908.7091 | E15: 2290.7285 | F15: 2429.9367 | G15: 2423.6216 | H15: 2424.8165 | I15: 2424.8165 | J15: 2429.4993 | K15: 2429.4993 | L15: 2429.5378 | M15: 2429.5378
A16: 2014 | B16: 1334.6909 | C16: 1743.9971 | D16: 2454.6058 | E16: 2838.1826 | F16: 2878.7598 | G16: 2977.9598 | H16: 2892.6972 | I16: 2892.6972 | J16: 3011.5377 | K16: 3073.6631 | L16: 3052.3164
A17: 2015 | B17: 1671.1066 | C17: 3212.9841 | D17: 4752.8672 | E17: 6314.127 | F17: 6982.9534 | G17: 7934.0749 | H17: 9044.3287 | I17: 9105.6568 | J17: 9135.7146 | K17: 10132.916
A18: 2016 | B18: 1989.3893 | C18: 3443.4912 | D18: 4437.949 | E18: 4824.0141 | F18: 5510.515 | G18: 5684.6093 | H18: 6409.6524 | I18: 6408.127 | J18: 6416.5729
A19: 2017 | B19: 1672.7081 | C19: 1982.7823 | D19: 2042.2188 | E19: 2662.7754 | F19: 2874.8102 | G19: 3256.3421 | H19: 3753.5543 | I19: 3888.386
A20: 2018 | B20: 1757.7757 | C20: 3598.2446 | D20: 5140.9339 | E20: 7136.9854 | F20: 7067.2812 | G20: 7159.8047 | H20: 7349.3269
A21: 2019 | B21: 1298.8238 | C21: 3133.2107 | D21: 4847.8776 | E21: 5573.6672 | F21: 5926.9818 | G21: 7270.1301
A22: 2020 | B22: 1493.0271 | C22: 2513.205 | D22: 2471.0707 | E22: 2614.478 | F22: 2639.9122
A23: 2021 | B23: 1901.2855 | C23: 2427.8119 | D23: 2971.5574 | E23: 3065.5146
A24: 2022 | B24: 2658.5306 | C24: 2855.7054 | D24: 2774.4265
A25: 2023 | B25: 3569.3743 | C25: 5418.6585
A26: 2024 | B26: 3477.1362

Sheet Diag - Paid to Incurred
A1: Paid To Incurred
B2: 11 | C2: 23 | D2: 35 | E2: 47 | F2: 59 | G2: 71 | H2: 83 | I2: 95 | J2: 107 | K2: 119 | L2: 131 | M2: 143 | N2: 155 | O2: 167 | P2: 179 | Q2: 191 | R2: 203 | S2: 215 | T2: 227 | U2: 239 | V2: 251 | W2: 263 | X2: 275 | Y2: 287
A3: 2001 | B3: 0.5747 | C3: 0.6738 | D3: 0.8126 | E3: 0.9128 | F3: 0.9882 | G3: 0.9504 | H3: 0.9435 | I3: 0.9474 | J3: 0.9496 | K3: 0.953 | L3: 0.9553 | M3: 0.9582 | N3: 0.9749 | O3: 0.9773 | P3: 0.9816 | Q3: 0.9606 | R3: 0.9691 | S3: 0.9655 | T3: 0.9848 | U3: 0.9848 | V3: 0.9694 | W3: 0.9632 | X3: 0.9693 | Y3: 0.9616
A4: 2002 | B4: 0.3852 | C4: 0.6865 | D4: 0.9088 | E4: 0.8218 | F4: 0.9127 | G4: 0.9389 | H4: 0.9422 | I4: 0.9587 | J4: 0.9614 | K4: 0.9636 | L4: 0.9706 | M4: 0.9563 | N4: 0.977 | O4: 0.9633 | P4: 0.9584 | Q4: 0.9629 | R4: 0.9406 | S4: 0.9585 | T4: 0.9737 | U4: 0.9455 | V4: 0.961 | W4: 0.9366 | X4: 0.945
A5: 2003 | B5: 0.4594 | C5: 0.7896 | D5: 0.8421 | E5: 0.7722 | F5: 0.9843 | G5: 0.9677 | H5: 0.9718 | I5: 0.9861 | J5: 0.9865 | K5: 0.9867 | L5: 0.9869 | M5: 0.9948 | N5: 1 | O5: 1 | P5: 1 | Q5: 1 | R5: 1 | S5: 1 | T5: 1 | U5: 1 | V5: 1 | W5: 1
A6: 2004 | B6: 0.3634 | C6: 0.7756 | D6: 0.9055 | E6: 0.9681 | F6: 1 | G6: 0.9981 | H6: 0.996 | I6: 0.9961 | J6: 0.991 | K6: 0.9938 | L6: 0.9748 | M6: 0.9923 | N6: 0.9923 | O6: 0.9938 | P6: 0.9944 | Q6: 1 | R6: 1 | S6: 1 | T6: 1 | U6: 1 | V6: 1
A7: 2005 | B7: 0.4873 | C7: 0.7597 | D7: 0.881 | E7: 0.9428 | F7: 0.9769 | G7: 0.9811 | H7: 0.9818 | I7: 0.9865 | J7: 0.978 | K7: 0.9805 | L7: 0.9967 | M7: 0.9084 | N7: 0.9382 | O7: 0.9738 | P7: 0.9933 | Q7: 0.9942 | R7: 0.9983 | S7: 1 | T7: 1 | U7: 1
A8: 2006 | B8: 0.3718 | C8: 0.6041 | D8: 0.8874 | E8: 0.9037 | F8: 0.9504 | G8: 0.9469 | H8: 0.9444 | I8: 0.9687 | J8: 0.9739 | K8: 0.9776 | L8: 0.9857 | M8: 0.9555 | N8: 0.9396 | O8: 0.947 | P8: 0.9529 | Q8: 0.9499 | R8: 0.9578 | S8: 0.9582 | T8: 0.9634
A9: 2007 | B9: 0.292 | C9: 0.5875 | D9: 0.6985 | E9: 0.7939 | F9: 0.8448 | G9: 0.8595 | H9: 0.9017 | I9: 0.8758 | J9: 0.8831 | K9: 0.8697 | L9: 0.9132 | M9: 0.9319 | N9: 0.9548 | O9: 0.9815 | P9: 0.9657 | Q9: 0.9937 | R9: 0.9964 | S9: 0.9958
A10: 2008 | B10: 0.6354 | C10: 0.8387 | D10: 0.9319 | E10: 0.9155 | F10: 0.9775 | G10: 0.991 | H10: 0.9925 | I10: 0.9859 | J10: 0.9918 | K10: 0.9714 | L10: 0.977 | M10: 0.9787 | N10: 0.9955 | O10: 0.9964 | P10: 0.997 | Q10: 0.9948 | R10: 1
A11: 2009 | B11: 0.6397 | C11: 0.8507 | D11: 0.9875 | E11: 0.9897 | F11: 0.9958 | G11: 0.996 | H11: 0.9899 | I11: 0.9089 | J11: 0.9422 | K11: 0.956 | L11: 0.965 | M11: 0.9812 | N11: 1 | O11: 1 | P11: 1 | Q11: 1
A12: 2010 | B12: 0.6767 | C12: 0.9214 | D12: 0.9621 | E12: 0.9743 | F12: 0.9521 | G12: 0.9825 | H12: 0.9913 | I12: 0.9919 | J12: 1 | K12: 1 | L12: 0.9997 | M12: 0.9997 | N12: 0.9991 | O12: 1 | P12: 1
A13: 2011 | B13: 0.8019 | C13: 0.946 | D13: 1 | E13: 0.9315 | F13: 0.9453 | G13: 0.9531 | H13: 0.9921 | I13: 0.994 | J13: 0.9849 | K13: 0.9887 | L13: 0.9666 | M13: 0.9796 | N13: 0.9846 | O13: 0.9878
A14: 2012 | B14: 0.6782 | C14: 0.9298 | D14: 0.8961 | E14: 0.9816 | F14: 0.9946 | G14: 0.9924 | H14: 0.9989 | I14: 0.9874 | J14: 0.9646 | K14: 0.9172 | L14: 0.9374 | M14: 0.84 | N14: 0.8757
A15: 2013 | B15: 0.7258 | C15: 0.9146 | D15: 0.9831 | E15: 0.8945 | F15: 1 | G15: 1 | H15: 1 | I15: 1 | J15: 1 | K15: 1 | L15: 1 | M15: 1
A16: 2014 | B16: 0.7105 | C16: 0.9325 | D16: 0.8289 | E16: 0.9129 | F16: 0.9603 | G16: 0.9437 | H16: 0.9775 | I16: 0.9804 | J16: 0.9476 | K16: 0.9857 | L16: 1
A17: 2015 | B17: 0.707 | C17: 0.7906 | D17: 0.8845 | E17: 0.9756 | F17: 0.9473 | G17: 0.9283 | H17: 0.9045 | I17: 0.9476 | J17: 0.958 | K17: 0.9945
A18: 2016 | B18: 0.4938 | C18: 0.8755 | D18: 0.9181 | E18: 0.9506 | F18: 0.8948 | G18: 0.956 | H18: 0.9663 | I18: 0.9729 | J18: 0.9824
A19: 2017 | B19: 0.7297 | C19: 0.9511 | D19: 0.9908 | E19: 0.8533 | F19: 0.863 | G19: 0.8438 | H19: 0.9454 | I19: 1
A20: 2018 | B20: 0.68 | C20: 0.8502 | D20: 0.8831 | E20: 0.8737 | F20: 0.9292 | G20: 0.9688 | H20: 1
A21: 2019 | B21: 0.7092 | C21: 0.6879 | D21: 0.778 | E21: 0.8001 | F21: 0.9264 | G21: 0.9213
A22: 2020 | B22: 0.5476 | C22: 0.7834 | D22: 0.9404 | E22: 0.9964 | F22: 0.9971
A23: 2021 | B23: 0.4982 | C23: 0.6828 | D23: 0.9297 | E23: 0.9641
A24: 2022 | B24: 0.4425 | C24: 0.8767 | D24: 0.9561
A25: 2023 | B25: 0.3767 | C25: 0.726
A26: 2024 | B26: 0.3991

Sheet Diag - Incr Inc Svty
A1: Incremental Incurred Severity
B2: 11 | C2: 23 | D2: 35 | E2: 47 | F2: 59 | G2: 71 | H2: 83 | I2: 95 | J2: 107 | K2: 119 | L2: 131 | M2: 143 | N2: 155 | O2: 167 | P2: 179 | Q2: 191 | R2: 203 | S2: 215 | T2: 227 | U2: 239 | V2: 251 | W2: 263 | X2: 275 | Y2: 287
A3: 2001 | B3: 890.118 | C3: 22000.265 | D3: 263628 | H3: -329.6215 | U3: 0 | X3: 0
A4: 2002 | B4: 1512.0882 | C4: 18915.25 | G4: 5939.8777 | T4: 0 | X4: 0
A5: 2003 | B5: 1888.6444 | C5: 24321.786 | F5: 65663.13 | H5: -3810.89 | P5: 0 | Q5: 0 | S5: 0 | T5: 0 | U5: 0 | V5: 0 | W5: 0
A6: 2004 | B6: 1172.3435 | C6: 2809.2593 | E6: 15998.55 | F6: 92280.9 | R6: 0 | S6: 0 | T6: 0 | V6: 0
A7: 2005 | B7: 1993.7326 | C7: 26077.489 | D7: 114569.65 | E7: 33060.37 | S7: 0 | T7: 0 | U7: 0
A8: 2006 | B8: 1599.0849 | C8: 21224.755 | T8: 0
A9: 2007 | B9: 3777.3245 | C9: 7734.954 | Q9: 0
A10: 2008 | B10: 1809.473 | C10: 10839.757 | D10: 122954.55 | P10: 0
A11: 2009 | B11: 1167.6749 | C11: 35483.002 | D11: -38115.65 | L11: 0 | O11: 0 | P11: 0 | Q11: 0
A12: 2010 | B12: 1384.9391 | C12: 31201.368
A13: 2011 | B13: 1313.2806 | N13: 0 | O13: 0
A14: 2012 | B14: 1368.4788 | C14: 21888.162 | N14: 0
A15: 2013 | B15: 988.3224 | C15: 29119.863 | E15: 86335 | I15: 0 | K15: 0 | M15: 0
A16: 2014 | B16: 1334.6909 | C16: 10721.447 | D16: 246904 | I16: 0
A17: 2015 | B17: 1671.1066 | C17: 50240.25 | D17: 101765.5 | K17: -74961.627
A18: 2016 | B18: 1989.3893 | C18: 21585.143 | D18: 26086.532
A19: 2017 | B19: 1672.7081 | C19: 4475.3015 | D19: 16009.79 | E19: 149114.13 | F19: -47377.44 | I19: -27931.9
A20: 2018 | B20: 1757.7757 | C20: 18526.492 | F20: -10079.97
A21: 2019 | B21: 1298.8238 | C21: 15973.919 | G21: -358066.22
A22: 2020 | B22: 1493.0271 | C22: 19409.903
A23: 2021 | B23: 1901.2855 | C23: 6147.4661
A24: 2022 | B24: 2658.5306 | C24: 4250.0129
A25: 2023 | B25: 3569.3743 | C25: 21368.735
A26: 2024 | B26: 3477.1362

Sheet Incurred Loss - CV & Slopes
A1: Incurred Loss - CV & Slopes
A2: Metric | B2: 11-23 | C2: 23-35 | D2: 35-47 | E2: 47-59 | F2: 59-71 | G2: 71-83 | H2: 83-95 | I2: 95-107 | J2: 107-119 | K2: 119-131 | L2: 131-143 | M2: 143-155 | N2: 155-167 | O2: 167-179 | P2: 179-191 | Q2: 191-203 | R2: 203-215 | S2: 215-227 | T2: 227-239 | U2: 239-251 | V2: 251-263 | W2: 263-275 | X2: 275-287 | Y2: Tail
A3: cv_3yr | B3: 0.1604 | C3: 0.1345 | D3: 0.0574 | E3: 0.0355 | F3: 0.0934 | G3: 0.0606 | H3: 0.0164 | I3: 0.0221 | J3: 0.0488 | K3: 0.0072 | L3: 0.0985 | M3: 0.0008 | N3: 0.0001 | O3: 0.0035 | P3: 0.0028 | Q3: 0.0101 | R3: 0.0037 | S3: 0 | T3: 0 | U3: 0.0036 | V3: 0.0178 | W3: 0
A4: cv_5yr | B4: 0.3284 | C4: 0.2103 | D4: 0.1316 | E4: 0.0556 | F4: 0.0773 | G4: 0.074 | H4: 0.0136 | I4: 0.0254 | J4: 0.0393 | K4: 0.0134 | L4: 0.0762 | M4: 0.0162 | N4: 0.0004 | O4: 0.0187 | P4: 0.0049 | Q4: 0.0089 | R4: 0.0032 | S4: 0 | T4: 0.0188 | U4: 0.013 | V4: 0.0178 | W4: 0
A5: cv_10yr | B5: 0.2694 | C5: 0.1768 | D5: 0.1051 | E5: 0.0465 | F5: 0.0719 | G5: 0.0599 | H5: 0.0442 | I5: 0.0266 | J5: 0.0374 | K5: 0.0262 | L5: 0.061 | M5: 0.0142 | N5: 0.0147 | O5: 0.0146 | P5: 0.0166 | Q5: 0.0175 | R5: 0.0112 | S5: 0.0073 | T5: 0.0188 | U5: 0.013 | V5: 0.0178 | W5: 0
A6: slope_3yr | B6: 0.1182 | C6: -0.0058 | D6: -0.059 | E6: 0.0077 | F6: 0.0447 | G6: -0.0505 | H6: 0.0124 | I6: -0.0199 | J6: 0.0481 | K6: -0.0072 | L6: 0.0016 | M6: -0.0006 | N6: 0 | O6: 0.003 | P6: 0 | Q6: 0.009 | R6: 0.0013 | S6: 0 | T6: 0 | U6: 0.0031 | V6: -0.0069 | W6: 0
A7: slope_5yr | B7: -0.2685 | C7: -0.1238 | D7: -0.0886 | E7: -0.0277 | F7: 0.0153 | G7: 0.0123 | H7: 0.0063 | I7: -0.0108 | J7: 0.0149 | K7: -0.0044 | L7: 0.0152 | M7: -0.0001 | N7: -0.0002 | O7: -0.0033 | P7: -0.0021 | Q7: 0.003 | R7: 0.0012 | S7: 0 | T7: -0.0042 | U7: -0.0064 | V7: -0.0069 | W7: 0
A8: slope_10yr | B8: -0.0158 | C8: -0.024 | D8: -0.007 | E8: -0.001 | F8: 0.0149 | G8: 0.0087 | H8: -0.0053 | I8: -0.0023 | J8: -0.0002 | K8: -0.0048 | L8: 0.0008 | M8: 0.0002 | N8: -0.0019 | O8: -0.001 | P8: -0.0039 | Q8: -0.0029 | R8: -0.0026 | S8: -0.0026 | T8: -0.0042 | U8: -0.0064 | V8: -0.0069 | W8: 0

Sheet Paid Loss - CV & Slopes
A1: Paid Loss - CV & Slopes
A2: Metric | B2: 11-23 | C2: 23-35 | D2: 35-47 | E2: 47-59 | F2: 59-71 | G2: 71-83 | H2: 83-95 | I2: 95-107 | J2: 107-119 | K2: 119-131 | L2: 131-143 | M2: 143-155 | N2: 155-167 | O2: 167-179 | P2: 179-191 | Q2: 191-203 | R2: 203-215 | S2: 215-227 | T2: 227-239 | U2: 239-251 | V2: 251-263 | W2: 263-275 | X2: 275-287 | Y2: Tail
A3: cv_3yr | B3: 0.2513 | C3: 0.2467 | D3: 0.0502 | E3: 0.1057 | F3: 0.0721 | G3: 0.1012 | H3: 0.0403 | I3: 0.004 | J3: 0.0647 | K3: 0.0153 | L3: 0.0294 | M3: 0.0226 | N3: 0.0017 | O3: 0.0033 | P3: 0.0159 | Q3: 0.0103 | R3: 0.0033 | S3: 0.0032 | T3: 0 | U3: 0.0058 | V3: 0.005 | W3: 0.0019
A4: cv_5yr | B4: 0.1774 | C4: 0.2103 | D4: 0.1004 | E4: 0.0759 | F4: 0.0522 | G4: 0.0961 | H4: 0.0391 | I4: 0.0112 | J4: 0.0566 | K4: 0.0121 | L4: 0.0237 | M4: 0.0235 | N4: 0.0123 | O4: 0.0108 | P4: 0.0114 | Q4: 0.0103 | R4: 0.0031 | S4: 0.0069 | T4: 0.0054 | U4: 0.0051 | V4: 0.005 | W4: 0.0019
A5: cv_10yr | B5: 0.2259 | C5: 0.1904 | D5: 0.1076 | E5: 0.0642 | F5: 0.0625 | G5: 0.0817 | H5: 0.0308 | I5: 0.0238 | J5: 0.044 | K5: 0.0327 | L5: 0.0201 | M5: 0.02 | N5: 0.0116 | O5: 0.012 | P5: 0.0116 | Q5: 0.0124 | R5: 0.0108 | S5: 0.0151 | T5: 0.0054 | U5: 0.0051 | V5: 0.005 | W5: 0.0019
A6: slope_3yr | B6: 0.6336 | C6: -0.0604 | D6: -0.0563 | E6: -0.0235 | F6: 0.0539 | G6: -0.04 | H6: 0.0182 | I6: 0.0024 | J6: 0.0689 | K6: -0.0111 | L6: -0.0051 | M6: 0.021 | N6: 0.0016 | O6: 0.0027 | P6: -0.0145 | Q6: 0.0075 | R6: 0.0002 | S6: 0.0028 | T6: 0 | U6: -0.0051 | V6: -0.0037 | W6: 0.0027
A7: slope_5yr | B7: 0.1057 | C7: -0.0932 | D7: -0.0368 | E7: 0.0014 | F7: 0.0158 | G7: 0.0287 | H7: 0.0186 | I7: -0.0028 | J7: 0.0317 | K7: 0.0009 | L7: -0.0005 | M7: 0.0036 | N7: -0.0052 | O7: -0.0028 | P7: -0.0022 | Q7: 0.004 | R7: 0.0012 | S7: -0.0021 | T7: -0.0012 | U7: -0.0032 | V7: -0.0037 | W7: 0.0027
A8: slope_10yr | B8: 0.0629 | C8: 0.0049 | D8: -0.01 | E8: 0.0019 | F8: 0.0148 | G8: 0.015 | H8: 0.0041 | I8: -0.0045 | J8: 0.0037 | K8: -0.0068 | L8: -0.0001 | M8: 0.002 | N8: -0.0015 | O8: -0.0014 | P8: -0.0019 | Q8: -0.0013 | R8: -0.0035 | S8: -0.006 | T8: -0.0012 | U8: -0.0032 | V8: -0.0037 | W8: 0.0027

Sheet Reported Count - CV & Slopes
A1: Reported Count - CV & Slopes
A2: Metric | B2: 11-23 | C2: 23-35 | D2: 35-47 | E2: 47-59 | F2: 59-71 | G2: 71-83 | H2: 83-95 | I2: 95-107 | J2: 107-119 | K2: 119-131 | L2: 131-143 | M2: 143-155 | N2: 155-167 | O2: 167-179 | P2: 179-191 | Q2: 191-203 | R2: 203-215 | S2: 215-227 | T2: 227-239 | U2: 239-251 | V2: 251-263 | W2: 263-275 | X2: 275-287 | Y2: Tail
A3: cv_3yr | B3: 0.013 | C3: 0 | D3: 0 | E3: 0.0024 | F3: 0.0021 | G3: 0 | H3: 0.0024 | I3: 0 | J3: 0.0068 | K3: 0 | L3: 0 | M3: 0 | N3: 0 | O3: 0 | P3: 0 | Q3: 0 | R3: 0 | S3: 0 | T3: 0 | U3: 0 | V3: 0 | W3: 0
A4: cv_5yr | B4: 0.0316 | C4: 0 | D4: 0.0019 | E4: 0.0029 | F4: 0.0017 | G4: 0 | H4: 0.0019 | I4: 0 | J4: 0.0052 | K4: 0 | L4: 0 | M4: 0 | N4: 0 | O4: 0 | P4: 0 | Q4: 0 | R4: 0 | S4: 0 | T4: 0 | U4: 0 | V4: 0 | W4: 0
A5: cv_10yr | B5: 0.0384 | C5: 0.0145 | D5: 0.0018 | E5: 0.002 | F5: 0.0012 | G5: 0 | H5: 0.0013 | I5: 0 | J5: 0.0037 | K5: 0 | L5: 0 | M5: 0 | N5: 0 | O5: 0 | P5: 0 | Q5: 0 | R5: 0 | S5: 0 | T5: 0 | U5: 0 | V5: 0 | W5: 0
A6: slope_3yr | B6: -0.0128 | C6: 0 | D6: 0 | E6: -0.002 | F6: -0.0018 | G6: 0 | H6: -0.0021 | I6: 0 | J6: -0.0058 | K6: 0 | L6: 0 | M6: 0 | N6: 0 | O6: 0 | P6: 0 | Q6: 0 | R6: 0 | S6: 0 | T6: 0 | U6: 0 | V6: 0 | W6: 0
A7: slope_5yr | B7: 0.0027 | C7: 0 | D7: -0.0008 | E7: 0.0004 | F7: -0.0007 | G7: 0 | H7: -0.0008 | I7: 0 | J7: -0.0023 | K7: 0 | L7: 0 | M7: 0 | N7: 0 | O7: 0 | P7: 0 | Q7: 0 | R7: 0 | S7: 0 | T7: 0 | U7: 0 | V7: 0 | W7: 0
A8: slope_10yr | B8: 0.0093 | C8: -0.0015 | D8: -0.0002 | E8: 0 | F8: -0.0002 | G8: 0 | H8: -0.0002 | I8: 0 | J8: -0.0006 | K8: 0 | L8: 0 | M8: 0 | N8: 0 | O8: 0 | P8: 0 | Q8: 0 | R8: 0 | S8: 0 | T8: 0 | U8: 0 | V8: 0 | W8: 0

Sheet Incurred-to-Ult
A1: Incurred-to-Ult
A2: Period | B2: 11 | C2: 23 | D2: 35 | E2: 47 | F2: 59 | G2: 71 | H2: 83 | I2: 95 | J2: 107 | K2: 119 | L2: 131 | M2: 143 | N2: 155 | O2: 167 | P2: 179 | Q2: 191 | R2: 203 | S2: 215 | T2: 227 | U2: 239 | V2: 251 | W2: 263 | X2: 275 | Y2: 287
A3: 2001 | B3: 0.18575705 | C3: 0.50894666 | D3: 0.62285149 | E3: 0.68543934 | F3: 0.7369192 | G3: 0.78679194 | H3: 0.7849405 | I3: 0.7922608 | J3: 0.79802888 | K3: 0.80474985 | L3: 0.82200562 | M3: 0.8391053 | N3: 0.83819817 | O3: 0.85736928 | P3: 0.87198059 | Q3: 0.91834651 | R3: 0.94004186 | S3: 0.96910429 | T3: 0.98652224 | U3: 0.98652224 | V3: 1.0096378 | W3: 1.02368 | X3: 1.02368 | Y3: 1.0358901
A4: 2002 | B4: 0.4185416 | C4: 0.59869424 | D4: 0.60573798 | E4: 0.72366366 | F4: 0.73320503 | G4: 0.77917026 | H4: 0.79396966 | I4: 0.79413452 | J4: 0.81153445 | K4: 0.81935486 | L4: 0.82775696 | M4: 0.85583278 | N4: 0.85696768 | O4: 0.89133662 | P4: 0.9148346 | Q4: 0.92829766 | R4: 0.97740376 | S4: 0.9785139 | T4: 0.9785139 | U4: 1.0199635 | V4: 1.0136319 | W4: 1.0500248 | X4: 1.0500248
A5: 2003 | B5: 0.55912712 | C5: 0.80802937 | D5: 0.87463332 | E5: 1.039708 | F5: 0.94371113 | G5: 1.0077418 | H5: 1.0049561 | I5: 0.99736988 | J5: 0.99550836 | K5: 0.99769363 | L5: 0.99560973 | M5: 0.98790792 | N5: 0.98287314 | O5: 0.98287309 | P5: 0.98287309 | Q5: 0.98287309 | R5: 0.98495672 | S5: 0.98495672 | T5: 0.98495672 | U5: 0.98495672 | V5: 0.98495672 | W5: 0.98495672
A6: 2004 | B6: 0.61647504 | C6: 0.70375208 | D6: 0.7770542 | E6: 0.81387176 | F6: 0.92005506 | G6: 0.92516175 | H6: 0.94223629 | I6: 0.94947632 | J6: 0.97202887 | K6: 0.96335437 | L6: 0.98558722 | M6: 0.97445012 | N6: 0.97484249 | O6: 0.97512555 | P6: 0.97512501 | Q6: 0.97885827 | R6: 0.97885827 | S6: 0.97885827 | T6: 0.97885827 | U6: 0.97888761 | V6: 0.97888761
A7: 2005 | B7: 0.5426656 | C7: 0.7070385 | D7: 0.7726895 | E7: 0.75374516 | F7: 0.78175472 | G7: 0.79451889 | H7: 0.81068796 | I7: 0.81526689 | J7: 0.82579607 | K7: 0.84834226 | L7: 0.85828531 | M7: 0.96077155 | N7: 0.9607767 | O7: 0.94305946 | P7: 0.95244676 | Q7: 0.95910744 | R7: 0.97363001 | S7: 0.97363001 | T7: 0.97363001 | U7: 0.97363001
A8: 2006 | B8: 0.50879257 | C8: 0.76924795 | D8: 0.66864136 | E8: 0.71507067 | F8: 0.72151656 | G8: 0.75791169 | H8: 0.79131121 | I8: 0.77673924 | J8: 0.79697254 | K8: 0.82654846 | L8: 0.89528703 | M8: 0.94910721 | N8: 0.97522281 | O8: 0.98572423 | P8: 0.98629396 | Q8: 0.99768874 | R8: 1.0007566 | S8: 1.0080641 | T8: 1.0080641
A9: 2007 | B9: 0.34799862 | C9: 0.37889205 | D9: 0.41265851 | E9: 0.46236099 | F9: 0.51538083 | G9: 0.61523742 | H9: 0.65437451 | I9: 0.72604373 | J9: 0.77805627 | K9: 0.85713486 | L9: 0.88343457 | M9: 0.90895904 | N9: 0.92360665 | O9: 0.92446822 | P9: 0.96479741 | Q9: 0.96479741 | R9: 0.96826289 | S9: 0.97071071
A10: 2008 | B10: 0.38933943 | C10: 0.53949144 | D10: 0.65303564 | E10: 0.90835372 | F10: 0.88044006 | G10: 0.89527326 | H10: 0.90012199 | I10: 0.91196951 | J10: 0.91718154 | K10: 0.94897921 | L10: 0.95364887 | M10: 0.95380632 | N10: 0.93991672 | O10: 0.94014759 | P10: 0.94014759 | Q10: 0.94476491 | R10: 0.96463298
A11: 2009 | B11: 0.29148627 | C11: 0.71145914 | D11: 0.67044708 | E11: 0.68717391 | F11: 0.73284165 | G11: 0.77045444 | H11: 0.79848994 | I11: 0.91352617 | J11: 0.91353155 | K11: 0.91353294 | L11: 0.91353294 | M11: 0.92590682 | N11: 0.95366583 | O11: 0.95366583 | P11: 0.95366583 | Q11: 0.95366583
A12: 2010 | B12: 0.26460214 | C12: 0.53694285 | D12: 0.69916827 | E12: 0.8123612 | F12: 0.90852703 | G12: 0.89876255 | H12: 0.9343835 | I12: 0.93548329 | J12: 0.931043 | K12: 0.93163057 | L12: 0.93236183 | M12: 0.93241614 | N12: 0.93362843 | O12: 0.93342951 | P12: 0.93901715
A13: 2011 | B13: 0.22209359 | C13: 0.43382964 | D13: 0.63980638 | E13: 0.73877745 | F13: 0.78827132 | G13: 0.85135391 | H13: 0.89840815 | I13: 0.89846454 | J13: 0.91085244 | K13: 0.91434831 | L13: 0.9401239 | M13: 0.93723583 | N13: 0.93723583 | O13: 0.93723583
A14: 2012 | B14: 0.25693842 | C14: 0.52207434 | D14: 0.68234797 | E14: 0.74154654 | F14: 0.73922888 | G14: 0.74570339 | H14: 0.74869075 | I14: 0.78728848 | J14: 0.83127521 | K14: 0.87828227 | L14: 0.88484359 | M14: 1.0432096 | N14: 1.0432096
A15: 2013 | B15: 0.3536619 | C15: 0.64581899 | D15: 0.70216354 | E15: 0.84652881 | F15: 0.89797258 | G15: 0.89563887 | H15: 0.89608046 | I15: 0.89608046 | J15: 0.89781097 | K15: 0.89781097 | L15: 0.89782518 | M15: 0.89782518
A16: 2014 | B16: 0.36744145 | C16: 0.50201393 | D16: 0.70861839 | E16: 0.81935291 | F16: 0.83106711 | G16: 0.85970508 | H16: 0.83509067 | I16: 0.83509067 | J16: 0.86939868 | K16: 0.88733361 | L16: 0.88117105
A17: 2015 | B17: 0.13977223 | C17: 0.27754668 | D17: 0.41708307 | E17: 0.55408985 | F17: 0.61278203 | G17: 0.69624674 | H17: 0.79367594 | I17: 0.79905773 | J17: 0.80169542 | K17: 0.87878349
A18: 2016 | B18: 0.22933129 | C18: 0.42877321 | D18: 0.57798459 | E18: 0.62826449 | F18: 0.71767222 | G18: 0.74034572 | H18: 0.83477306 | I18: 0.83457439 | J18: 0.83567437
A19: 2017 | B19: 0.30999795 | C19: 0.41317617 | D19: 0.42737257 | E19: 0.55959683 | F19: 0.60160793 | G19: 0.68145064 | H19: 0.78550161 | I19: 0.81026971
A20: 2018 | B20: 0.16637054 | C20: 0.38255567 | D20: 0.54657025 | E20: 0.75878507 | F20: 0.75442867 | G20: 0.76430551 | H20: 0.7845369
A21: 2019 | B21: 0.12069668 | C21: 0.33275656 | D21: 0.51485944 | E21: 0.5919405 | F21: 0.6294636 | G21: 0.76927142
A22: 2020 | B22: 0.33872049 | C22: 0.60459166 | D22: 0.59445558 | E22: 0.62895449 | F22: 0.6350731
A23: 2021 | B23: 0.3250672 | C23: 0.47384547 | D23: 0.57997039 | E23: 0.59830839
A24: 2022 | B24: 0.42209044 | C24: 0.51751209 | D24: 0.5027827
A25: 2023 | B25: 0.52792189 | C25: 0.89435716
A26: 2024 | B26: 0.7269617

Sheet Paid-to-Ult
A1: Paid-to-Ult
A2: Period | B2: 11 | C2: 23 | D2: 35 | E2: 47 | F2: 59 | G2: 71 | H2: 83 | I2: 95 | J2: 107 | K2: 119 | L2: 131 | M2: 143 | N2: 155 | O2: 167 | P2: 179 | Q2: 191 | R2: 203 | S2: 215 | T2: 227 | U2: 239 | V2: 251 | W2: 263 | X2: 275 | Y2: 287
A3: 2001 | B3: 0.10675412 | C3: 0.3429329 | D3: 0.5061054 | E3: 0.62569276 | F3: 0.72825929 | G3: 0.74775922 | H3: 0.74055494 | I3: 0.75055481 | J3: 0.7578338 | K3: 0.76694898 | L3: 0.78522419 | M3: 0.80405276 | N3: 0.81715567 | O3: 0.83791191 | P3: 0.8559358 | Q3: 0.88219032 | R3: 0.91102384 | S3: 0.9356571 | T3: 0.97148553 | U3: 0.97148553 | V3: 0.97871834 | W3: 0.9859949 | X3: 0.99221442 | Y3: 0.99611515
A4: 2002 | B4: 0.16120305 | C4: 0.41097879 | D4: 0.55050059 | E4: 0.59469645 | F4: 0.66917058 | G4: 0.73155362 | H4: 0.7480608 | I4: 0.7613119 | J4: 0.7802016 | K4: 0.78950277 | L4: 0.80339568 | M4: 0.8184741 | N4: 0.83725023 | O4: 0.8586067 | P4: 0.87675328 | Q4: 0.89387243 | R4: 0.91934138 | S4: 0.93791877 | T4: 0.95281689 | U4: 0.96436064 | V4: 0.97408537 | W4: 0.98340618 | X4: 0.99224539
A5: 2003 | B5: 0.25688162 | C5: 0.63801811 | D5: 0.73655563 | E5: 0.80285087 | F5: 0.92890779 | G5: 0.97514867 | H5: 0.97661833 | I5: 0.98346581 | J5: 0.98205214 | K5: 0.98445352 | L5: 0.98258586 | M5: 0.9828012 | N5: 0.98287314 | O5: 0.98287342 | P5: 0.98287342 | Q5: 0.98287309 | R5: 0.98495672 | S5: 0.98495672 | T5: 0.98495672 | U5: 0.98495672 | V5: 0.98495672 | W5: 0.98495672
A6: 2004 | B6: 0.22399878 | C6: 0.54583875 | D6: 0.70364906 | E6: 0.78793663 | F6: 0.92005506 | G6: 0.9234358 | H6: 0.93845445 | I6: 0.94577668 | J6: 0.96325637 | K6: 0.95735026 | L6: 0.96078681 | M6: 0.9669306 | N6: 0.96733218 | O6: 0.96908922 | P6: 0.96965255 | Q6: 0.97885827 | R6: 0.97885827 | S6: 0.97885827 | T6: 0.97885827 | U6: 0.97888761 | V6: 0.97888761
A7: 2005 | B7: 0.26444879 | C7: 0.53710904 | D7: 0.68072769 | E7: 0.71060077 | F7: 0.76367027 | G7: 0.77951805 | H7: 0.79596155 | I7: 0.80424981 | J7: 0.80760318 | K7: 0.83183796 | L7: 0.85546718 | M7: 0.87279882 | N7: 0.90135827 | O7: 0.91836419 | P7: 0.94602865 | Q7: 0.95356139 | R7: 0.97200099 | S7: 0.97363001 | T7: 0.97363001 | U7: 0.97363001
A8: 2006 | B8: 0.18916448 | C8: 0.46468544 | D8: 0.59333281 | E8: 0.64619486 | F8: 0.68573324 | G8: 0.7176608 | H8: 0.74733627 | I8: 0.75241051 | J8: 0.77618198 | K8: 0.80799513 | L8: 0.88251611 | M8: 0.90690533 | N8: 0.91635971 | O8: 0.9334858 | P8: 0.93984391 | Q8: 0.94769422 | R8: 0.95856413 | S8: 0.96588286 | T8: 0.97120201
A9: 2007 | B9: 0.10161117 | C9: 0.22260962 | D9: 0.28824579 | E9: 0.36706263 | F9: 0.43536953 | G9: 0.52882139 | H9: 0.59002979 | I9: 0.63584119 | J9: 0.68713652 | K9: 0.74545828 | L9: 0.80675025 | M9: 0.84708763 | N9: 0.881851 | O9: 0.90734349 | P9: 0.93167393 | Q9: 0.95874353 | R9: 0.96476933 | S9: 0.96665871
A10: 2008 | B10: 0.24739337 | C10: 0.45247749 | D10: 0.60857802 | E10: 0.8316192 | F10: 0.86065893 | G10: 0.88718094 | H10: 0.89338397 | I10: 0.89909548 | J10: 0.90965715 | K10: 0.92185058 | L10: 0.93170989 | M10: 0.93351859 | N10: 0.93568357 | O10: 0.9367467 | P10: 0.93736076 | Q10: 0.93984112 | R10: 0.96463298
A11: 2009 | B11: 0.18645352 | C11: 0.60522173 | D11: 0.66205734 | E11: 0.68008654 | F11: 0.72976216 | G11: 0.76735213 | H11: 0.79043293 | I11: 0.83027684 | J11: 0.86073488 | K11: 0.87337013 | L11: 0.88158632 | M11: 0.90851319 | N11: 0.95366583 | O11: 0.95366583 | P11: 0.95366583 | Q11: 0.95366583
A12: 2010 | B12: 0.17904932 | C12: 0.49472783 | D12: 0.67265934 | E12: 0.79147587 | F12: 0.86501733 | G12: 0.88306097 | H12: 0.92625631 | I12: 0.92786817 | J12: 0.931043 | K12: 0.93163057 | L12: 0.93210278 | M12: 0.93215709 | N12: 0.93275007 | O12: 0.93342951 | P12: 0.93901715
A13: 2011 | B13: 0.17808583 | C13: 0.41041259 | D13: 0.63980638 | E13: 0.68813777 | F13: 0.74516608 | G13: 0.81139599 | H13: 0.89129828 | I13: 0.89305383 | J13: 0.8971177 | K13: 0.90399568 | L13: 0.90870116 | M13: 0.91809085 | N13: 0.92282131 | O13: 0.92577852
A14: 2012 | B14: 0.17426432 | C14: 0.48542279 | D14: 0.61146174 | E14: 0.72790807 | F14: 0.73525776 | G14: 0.7400445 | H14: 0.74786715 | I14: 0.77733295 | J14: 0.80185657 | K14: 0.80552839 | L14: 0.82945553 | M14: 0.87631339 | N14: 0.91353712
A15: 2013 | B15: 0.25667539 | C15: 0.59063912 | D15: 0.69027788 | E15: 0.75725594 | F15: 0.89797258 | G15: 0.89563887 | H15: 0.89608046 | I15: 0.89608046 | J15: 0.89781097 | K15: 0.89781097 | L15: 0.89782518 | M15: 0.89782518
A16: 2014 | B16: 0.2610793 | C16: 0.4681285 | D16: 0.587394 | E16: 0.7479613 | F16: 0.79806636 | G16: 0.81131251 | H16: 0.81627039 | I16: 0.81869377 | J16: 0.82387352 | K16: 0.87464874 | L16: 0.88117105
A17: 2015 | B17: 0.098821963 | C17: 0.2194244 | D17: 0.36890681 | E17: 0.54054327 | F17: 0.58048189 | G17: 0.64631885 | H17: 0.71791433 | I17: 0.75720643 | J17: 0.76806285 | K17: 0.87391753
A18: 2016 | B18: 0.1132392 | C18: 0.37540558 | D18: 0.53064576 | E18: 0.5972078 | F18: 0.64214246 | G18: 0.70780698 | H18: 0.80661383 | I18: 0.81195647 | J18: 0.82096527
A19: 2017 | B19: 0.2262204 | C19: 0.3929617 | D19: 0.42342671 | E19: 0.47748003 | F19: 0.51921502 | G19: 0.57502523 | H19: 0.74258614 | I19: 0.81026971
A20: 2018 | B20: 0.11312875 | C20: 0.32525826 | D20: 0.48266102 | E20: 0.66291707 | F20: 0.70100728 | G20: 0.74045415 | H20: 0.7845369
A21: 2019 | B21: 0.085594137 | C21: 0.2289182 | D21: 0.40053728 | E21: 0.473625 | F21: 0.58314599 | G21: 0.70870542
A22: 2020 | B22: 0.18549161 | C22: 0.47365355 | D22: 0.55904098 | E22: 0.62666289 | F22: 0.633225
A23: 2021 | B23: 0.16193226 | C23: 0.32356142 | D23: 0.53918588 | E23: 0.57681272
A24: 2022 | B24: 0.18675691 | C24: 0.45370155 | D24: 0.48071733
A25: 2023 | B25: 0.19885985 | C25: 0.64933942
A26: 2024 | B26: 0.29011965

Sheet Reported-to-Ult
A1: Reported-to-Ult
A2: Period | B2: 11 | C2: 23 | D2: 35 | E2: 47 | F2: 59 | G2: 71 | H2: 83 | I2: 95 | J2: 107 | K2: 119 | L2: 131 | M2: 143 | N2: 155 | O2: 167 | P2: 179 | Q2: 191 | R2: 203 | S2: 215 | T2: 227 | U2: 239 | V2: 251 | W2: 263 | X2: 275 | Y2: 287
A3: 2001 | B3: 0.9096014 | C3: 0.97363132 | D3: 0.97551455 | E3: 0.97551455 | F3: 0.97551455 | G3: 0.97551455 | H3: 0.99999657 | I3: 0.99999657 | J3: 0.99999657 | K3: 0.99999657 | L3: 0.99999657 | M3: 0.99999657 | N3: 0.99999657 | O3: 0.99999657 | P3: 0.99999657 | Q3: 0.99999657 | R3: 0.99999657 | S3: 0.99999657 | T3: 0.99999657 | U3: 0.99999657 | V3: 0.99999657 | W3: 0.99999657 | X3: 0.99999657 | Y3: 0.99999657
A4: 2002 | B4: 0.94129901 | C4: 0.9736878 | D4: 0.9736878 | E4: 0.9736878 | F4: 0.9736878 | G4: 1.0000037 | H4: 1.0000037 | I4: 1.0000037 | J4: 1.0000037 | K4: 1.0000037 | L4: 1.0000037 | M4: 1.0000037 | N4: 1.0000037 | O4: 1.0000037 | P4: 1.0000037 | Q4: 1.0000037 | R4: 1.0000037 | S4: 1.0000037 | T4: 1.0000037 | U4: 1.0000037 | V4: 1.0000037 | W4: 1.0000037 | X4: 1.0000037
A5: 2003 | B5: 0.96890444 | C5: 1.0023974 | D5: 1.0023974 | E5: 1.0023974 | F5: 0.99761272 | G5: 0.99761272 | H5: 1.0000051 | I5: 1.0000051 | J5: 1.0000051 | K5: 1.0000051 | L5: 1.0000051 | M5: 1.0000051 | N5: 1.0000051 | O5: 1.0000051 | P5: 1.0000051 | Q5: 1.0000051 | R5: 1.0000051 | S5: 1.0000051 | T5: 1.0000051 | U5: 1.0000051 | V5: 1.0000051 | W5: 1.0000051
A6: 2004 | B6: 0.93839135 | C6: 0.99383241 | D6: 0.99383241 | E6: 0.99793916 | F6: 0.99999253 | G6: 0.99999253 | H6: 0.99999253 | I6: 0.99999253 | J6: 0.99999253 | K6: 0.99999253 | L6: 0.99999253 | M6: 0.99999253 | N6: 0.99999253 | O6: 0.99999253 | P6: 0.99999253 | Q6: 0.99999253 | R6: 0.99999253 | S6: 0.99999253 | T6: 0.99999253 | U6: 0.99999253 | V6: 0.99999253
A7: 2005 | B7: 0.97735955 | C7: 0.99999314 | D7: 1.0020507 | E7: 0.99999314 | F7: 0.99999314 | G7: 0.99999314 | H7: 0.99999314 | I7: 0.99999314 | J7: 0.99999314 | K7: 0.99999314 | L7: 0.99999314 | M7: 0.99999314 | N7: 0.99999314 | O7: 0.99999314 | P7: 0.99999314 | Q7: 0.99999314 | R7: 0.99999314 | S7: 0.99999314 | T7: 0.99999314 | U7: 0.99999314
A8: 2006 | B8: 0.96286317 | C8: 0.99999839 | D8: 0.99999839 | E8: 0.99999839 | F8: 0.99999839 | G8: 0.99999839 | H8: 0.99999839 | I8: 0.99999839 | J8: 0.99999839 | K8: 0.99999839 | L8: 0.99999839 | M8: 0.99999839 | N8: 0.99999839 | O8: 0.99999839 | P8: 0.99999839 | Q8: 0.99999839 | R8: 0.99999839 | S8: 0.99999839 | T8: 0.99999839
A9: 2007 | B9: 0.9584399 | C9: 0.99999076 | D9: 0.99999076 | E9: 0.99999076 | F9: 0.99999076 | G9: 0.99999076 | H9: 0.99999076 | I9: 0.99999076 | J9: 0.99999076 | K9: 0.99999076 | L9: 0.99999076 | M9: 0.99999076 | N9: 0.99999076 | O9: 0.99999076 | P9: 0.99999076 | Q9: 0.99999076 | R9: 0.99999076 | S9: 0.99999076
A10: 2008 | B10: 0.93574411 | C10: 0.99598515 | D10: 1.0000012 | E10: 1.0000012 | F10: 1.0000012 | G10: 1.0000012 | H10: 1.0000012 | I10: 1.0000012 | J10: 1.0000012 | K10: 1.0000012 | L10: 1.0000012 | M10: 1.0000012 | N10: 1.0000012 | O10: 1.0000012 | P10: 1.0000012 | Q10: 1.0000012 | R10: 1.0000012
A11: 2009 | B11: 0.95082676 | C11: 0.99590906 | D11: 1.0000075 | E11: 1.0000075 | F11: 1.0000075 | G11: 1.0000075 | H11: 1.0000075 | I11: 1.0000075 | J11: 1.0000075 | K11: 1.0000075 | L11: 1.0000075 | M11: 1.0000075 | N11: 1.0000075 | O11: 1.0000075 | P11: 1.0000075 | Q11: 1.0000075
A12: 2010 | B12: 0.95630224 | C12: 0.99999117 | D12: 0.99999117 | E12: 0.99999117 | F12: 0.99999117 | G12: 0.99999117 | H12: 0.99999117 | I12: 0.99999117 | J12: 0.99999117 | K12: 0.99999117 | L12: 0.99999117 | M12: 0.99999117 | N12: 0.99999117 | O12: 0.99999117 | P12: 0.99999117
A13: 2011 | B13: 0.99998612 | C13: 0.99998612 | D13: 0.99998612 | E13: 0.99998612 | F13: 0.99998612 | G13: 0.99998612 | H13: 0.99998612 | I13: 0.99998612 | J13: 0.99998612 | K13: 0.99998612 | L13: 0.99998612 | M13: 0.99998612 | N13: 0.99998612 | O13: 0.99998612
A14: 2012 | B14: 0.93939682 | C14: 1.0000031 | D14: 1.0000031 | E14: 1.0000031 | F14: 1.0000031 | G14: 1.0000031 | H14: 1.0000031 | I14: 1.0000031 | J14: 1.0000031 | K14: 1.0000031 | L14: 1.0000031 | M14: 1.0000031 | N14: 1.0000031
A15: 2013 | B15: 0.9683311 | C15: 0.99548057 | D15: 0.99548057 | E15: 1.0000055 | F15: 1.0000055 | G15: 1.0000055 | H15: 1.0000055 | I15: 1.0000055 | J15: 1.0000055 | K15: 1.0000055 | L15: 1.0000055 | M15: 1.0000055
A16: 2014 | B16: 0.95362738 | C16: 0.99710583 | D16: 1.0000044 | E16: 1.0000044 | F16: 1.0000044 | G16: 1.0000044 | H16: 1.0000044 | I16: 1.0000044 | J16: 1.0000044 | K16: 1.0000044 | L16: 1.0000044
A17: 2015 | B17: 0.96442341 | C17: 0.99604385 | D17: 1.0118541 | E17: 1.0118541 | F17: 1.0118541 | G17: 1.0118541 | H17: 1.0118541 | I17: 1.0118541 | J17: 1.0118541 | K17: 0.99999641
A18: 2016 | B18: 0.88718296 | C18: 0.95829305 | D18: 1.0023136 | E18: 1.0023136 | F18: 1.0023136 | G18: 1.0023136 | H18: 1.0023136 | I18: 1.0023136 | J18: 1.0023136
A19: 2017 | B19: 0.89141989 | C19: 1.0023142 | D19: 1.0065794 | E19: 1.0108446 | F19: 1.0065794 | G19: 1.0065794 | H19: 1.0065794 | I19: 1.0023142
A20: 2018 | B20: 0.88931684 | C20: 0.99895864 | D20: 0.99895864 | E20: 0.99895864 | F20: 1.0030194 | G20: 1.0030194 | H20: 1.0030194
A21: 2019 | B21: 0.88086835 | C21: 1.0067067 | D21: 1.0067067 | E21: 1.0067067 | F21: 1.0067067 | G21: 1.0030056
A22: 2020 | B22: 0.94665403 | C22: 1.0038105 | D22: 1.0038105 | E22: 1.0038105 | F22: 1.0038105
A23: 2021 | B23: 0.87933181 | C23: 1.0038034 | D23: 1.0038034 | E23: 1.0038034
A24: 2022 | B24: 0.87872738 | C24: 1.0029919 | D24: 1.0029919
A25: 2023 | B25: 0.89880952 | C25: 1.0030193
A26: 2024 | B26: 0.89489426

Sheet Average IBNR
A1: Average IBNR
A2: Period | B2: 11 | C2: 23 | D2: 35 | E2: 47 | F2: 59 | G2: 71 | H2: 83 | I2: 95 | J2: 107 | K2: 119 | L2: 131 | M2: 143 | N2: 155 | O2: 167 | P2: 179 | Q2: 191 | R2: 203 | S2: 215 | T2: 227 | U2: 239 | V2: 251 | W2: 263 | X2: 275 | Y2: 287
A3: 2001 | B3: 2486827.9 | C3: 1499755.3 | D3: 1151871.8 | E3: 960718.46 | F3: 803490.76 | G3: 651171.45 | H3: 656826.05 | I3: 634468.68 | J3: 616852.02 | K3: 596325.13 | L3: 543623.24 | M3: 491398.1 | N3: 494168.6 | O3: 435616.98 | P3: 390991.72 | Q3: 249382.8 | R3: 183121.73 | S3: 94360.441 | T3: 41163.222 | U3: 41163.222 | V3: -29435.378 | W3: -72322.378 | X3: -72322.378 | Y3: -109614.09
A4: 2002 | B4: 1288998.5 | C4: 889629.44 | D4: 874014.61 | E4: 612592.61 | F4: 591440.94 | G4: 489543.53 | H4: 456735.66 | I4: 456370.2 | J4: 417797.39 | K4: 400460.82 | L4: 381834.73 | M4: 319595.23 | N4: 317079.33 | O4: 240889 | P4: 188797.79 | Q4: 158952.4 | R4: 50092.17 | S4: 47631.182 | T4: 47631.182 | U4: -44255.839 | V4: -30219.715 | W4: -110896.83 | X4: -110896.83
A5: 2003 | B5: 795885.08 | C5: 346554.68 | D5: 226318.01 | E5: -71682.733 | F5: 101615.4 | G5: -13975.912 | H5: -8947.0619 | I5: 4748.024 | J5: 8108.5173 | K5: 4163.5731 | L5: 7925.5284 | M5: 21829.217 | N5: 30918.239 | O5: 30918.331 | P5: 30918.331 | Q5: 30918.331 | R5: 27156.864 | S5: 27156.864 | T5: 27156.864 | U5: 27156.864 | V5: 27156.864 | W5: 27156.864
A6: 2004 | B6: 439836.77 | C6: 339745.11 | D6: 255680.26 | E6: 213456.89 | F6: 91683.012 | G6: 85826.521 | H6: 66244.977 | I6: 57941.922 | J6: 32078.052 | K6: 42026.2 | L6: 16528.968 | M6: 29301.297 | N6: 28851.313 | O6: 28526.692 | P6: 28527.312 | Q6: 24245.909 | R6: 24245.909 | S6: 24245.909 | T6: 24245.909 | U6: 24212.259 | V6: 24212.259
A7: 2005 | B7: 1053184.4 | C7: 674654 | D7: 523467.89 | E7: 567094.35 | F7: 502591.8 | G7: 473197.52 | H7: 435962.15 | I7: 425417.43 | J7: 401170.04 | K7: 349248.97 | L7: 326351.36 | M7: 90338.259 | N7: 90326.383 | O7: 131127 | P7: 109509.21 | Q7: 94170.496 | R7: 60726.818 | S7: 60726.818 | T7: 60726.818 | U7: 60726.818
A8: 2006 | B8: 739510.96 | C8: 347396.35 | D8: 498859.21 | E8: 428960.05 | F8: 419255.79 | G8: 364463.05 | H8: 314180.2 | I8: 336118.24 | J8: 305657.09 | K8: 261130.65 | L8: 157644.98 | M8: 76618.904 | N8: 37301.963 | O8: 21492.126 | P8: 20634.386 | Q8: 3479.5861 | R8: -1139.0139 | S8: -12140.493 | T8: -12140.493
A9: 2007 | B9: 3231273.4 | C9: 3078167.7 | D9: 2910823.5 | E9: 2664501.4 | F9: 2401738.8 | G9: 1906856.5 | H9: 1712895.8 | I9: 1357708.2 | J9: 1099937.7 | K9: 708029.66 | L9: 577690.13 | M9: 451192.66 | N9: 378600.11 | O9: 374330.22 | P9: 174461.57 | Q9: 174461.57 | R9: 157286.92 | S9: 145155.66
A10: 2008 | B10: 872613.33 | C10: 658051.18 | D10: 495800.35 | E10: 130959.44 | F10: 170847.11 | G10: 149650.97 | H10: 142722.3 | I10: 125792.6 | J10: 118344.78 | K10: 72906.992 | L10: 66234.197 | M10: 66009.205 | N10: 85856.979 | O10: 85527.079 | P10: 85527.079 | Q10: 78929.079 | R10: 50538.28
A11: 2009 | B11: 868925.19 | C11: 353868.13 | D11: 404165.54 | E11: 383651.66 | F11: 327644.49 | G11: 281515.95 | H11: 247133.06 | I11: 106051.98 | J11: 106045.39 | K11: 106043.68 | L11: 106043.68 | M11: 90868.284 | N11: 56824.491 | O11: 56824.491 | P11: 56824.491 | Q11: 56824.491
A12: 2010 | B12: 1000617.8 | C12: 630057.92 | D12: 409326.18 | E12: 255310.41 | F12: 124462.54 | G12: 137748.57 | H12: 89280.98 | I12: 87784.553 | J12: 93826.223 | K12: 93026.743 | L12: 92031.765 | M12: 91957.867 | N12: 90308.367 | O12: 90579.017 | P12: 82976.208
A13: 2011 | B13: 1590349.1 | C13: 1157476.7 | D13: 736378.55 | E13: 534042.45 | F13: 432857.35 | G13: 303891.53 | H13: 207694.01 | I13: 207578.72 | J13: 182252.96 | K13: 175106.01 | L13: 122410.49 | M13: 128314.84 | N13: 128314.84 | O13: 128314.84
A14: 2012 | B14: 971379.84 | C14: 624776.42 | D14: 415255.99 | E14: 337867.67 | F14: 340897.47 | G14: 332433.55 | H14: 328528.28 | I14: 278070.73 | J14: 220568.34 | K14: 159117.57 | L14: 150540.17 | M14: -56486.441 | N14: -56486.441
A15: 2013 | B15: 510065.81 | C15: 279506.38 | D15: 235041.38 | E15: 121113.71 | F15: 80516.216 | G15: 82357.89 | H15: 82009.41 | I15: 82009.41 | J15: 80643.756 | K15: 80643.756 | L15: 80632.539 | M15: 80632.539
A16: 2014 | B16: 997542.63 | C16: 785322.3 | D16: 459507.79 | E16: 284879.84 | F16: 266406.59 | G16: 221244.6 | H16: 260061.44 | I16: 260061.44 | J16: 205957.84 | K16: 177674.51 | L16: 187392.85
A17: 2015 | B17: 3311531.2 | C17: 2781154.9 | D17: 2243995.9 | E17: 1716574.9 | F17: 1490633.6 | G17: 1169328 | H17: 794264.71 | I17: 773546.99 | J17: 763392.95 | K17: 466634.86
A18: 2016 | B18: 2311361.1 | C18: 1713202.2 | D18: 1265693 | E18: 1114895.4 | F18: 846747.04 | G18: 778745.52 | H18: 495542.53 | I18: 496138.36 | J18: 492839.36
A19: 2017 | B19: 1026834.2 | C19: 873288.36 | D19: 852161.84 | E19: 655390.84 | F19: 592871.57 | G19: 474052.75 | H19: 319208.16 | I19: 282349.22
A20: 2018 | B20: 2545344.1 | C20: 1885260 | D20: 1384469.7 | E20: 736508.27 | F20: 749809.8 | G20: 719652.56 | H20: 657879.49
A21: 2019 | B21: 2971754.3 | C21: 2255062.1 | D21: 1639614.6 | E21: 1379106.1 | F21: 1252290.4 | G21: 779786.25
A22: 2020 | B22: 1019294 | C22: 609481.07 | D22: 625104.79 | E22: 571928.29 | F22: 562497.08
A23: 2021 | B23: 1140830.6 | C23: 889352.5 | D23: 709970.86 | E23: 678974.37
A24: 2022 | B24: 951050.39 | C24: 794017.51 | D24: 818257.28
A25: 2023 | B25: 871864.41 | C25: 195108.04
A26: 2024 | B26: 334331.87

Sheet Average Unpaid
A1: Average Unpaid
A2: Period | B2: 11 | C2: 23 | D2: 35 | E2: 47 | F2: 59 | G2: 71 | H2: 83 | I2: 95 | J2: 107 | K2: 119 | L2: 131 | M2: 143 | N2: 155 | O2: 167 | P2: 179 | Q2: 191 | R2: 203 | S2: 215 | T2: 227 | U2: 239 | V2: 251 | W2: 263 | X2: 275 | Y2: 287
A3: 2001 | B3: 2728115.5 | C3: 2006787.8 | D3: 1508433 | E3: 1143194.1 | F3: 829939.5 | G3: 770383.62 | H3: 792386.61 | I3: 761845.44 | J3: 739614.24 | K3: 711775.02 | L3: 655959.6 | M3: 598454.13 | N3: 558435.76 | O3: 495042.9 | P3: 439995.06 | Q3: 359809.57 | R3: 271747.38 | S3: 196513.47 | T3: 87087.756 | U3: 87087.756 | V3: 64997.573 | W3: 42773.807 | X3: 23778.389 | Y3: 11864.948
A4: 2002 | B4: 1859476.1 | C4: 1305764 | D4: 996466.89 | E4: 898491.87 | F4: 733394.87 | G4: 595101.84 | H4: 558508.12 | I4: 529132.6 | J4: 487257.2 | K4: 466638.04 | L4: 435839.73 | M4: 402413.32 | N4: 360789.69 | O4: 313445.89 | P4: 273217.88 | Q4: 235267.51 | R4: 178807.01 | S4: 137623.96 | T4: 104597.26 | U4: 79006.651 | V4: 57448.518 | W4: 36785.785 | X4: 17190.702
A5: 2003 | B5: 1341513.3 | C5: 653467.25 | D5: 475582.53 | E5: 355903.16 | F5: 128339.09 | G5: 44862.821 | H5: 42209.726 | I5: 29848.32 | J5: 32400.348 | K5: 28065.25 | L5: 31436.842 | M5: 31048.114 | N5: 30918.239 | O5: 30917.724 | P5: 30917.724 | Q5: 30918.331 | R5: 27156.864 | S5: 27156.864 | T5: 27156.864 | U5: 27156.864 | V5: 27156.864 | W5: 27156.864
A6: 2004 | B6: 889939.14 | C6: 520844.38 | D6: 339863.26 | E6: 243200 | F6: 91683.012 | G6: 87805.895 | H6: 70582.093 | I6: 62184.765 | J6: 42138.59 | K6: 48911.872 | L6: 44970.742 | M6: 37924.883 | N6: 37464.342 | O6: 35449.313 | P6: 34803.277 | Q6: 24245.909 | R6: 24245.909 | S6: 24245.909 | T6: 24245.909 | U6: 24212.259 | V6: 24212.259
A7: 2005 | B7: 1693883.2 | C7: 1065980.5 | D7: 735244.53 | E7: 666450.53 | F7: 544238.05 | G7: 507742.58 | H7: 469875.25 | I7: 450788.4 | J7: 443066.02 | K7: 387256.32 | L7: 332841.15 | M7: 292928.53 | N7: 227159.67 | O7: 187997.14 | P7: 124289.32 | Q7: 106942.36 | R7: 64478.243 | S7: 60726.818 | T7: 60726.818 | U7: 60726.818
A8: 2006 | B8: 1220709.9 | C8: 805914.09 | D8: 612235.95 | E8: 532652.33 | F8: 473127.44 | G8: 425060.62 | H8: 380384.31 | I8: 372745.06 | J8: 336957.21 | K8: 289062.63 | L8: 176871.56 | M8: 140153.69 | N8: 125920.15 | O8: 100136.88 | P8: 90564.767 | Q8: 78746.166 | R8: 62381.555 | S8: 51363.225 | T8: 43355.272
A9: 2007 | B9: 4452352.4 | C9: 3852692.5 | D9: 3527404.2 | E9: 3136793.5 | F9: 2798269.2 | G9: 2335128.4 | H9: 2031783.8 | I9: 1804745.7 | J9: 1550529.6 | K9: 1261491 | L9: 957732.29 | M9: 757823.04 | N9: 585538.19 | O9: 459199.22 | P9: 338619.22 | Q9: 204464.18 | R9: 174600.75 | S9: 165237.12
A10: 2008 | B10: 1075449.5 | C10: 782391.17 | D10: 559328.79 | E10: 240610.48 | F10: 199113.68 | G10: 161214.62 | H10: 152350.7 | I10: 144189.14 | J10: 129096.88 | K10: 111672.88 | L10: 97584.264 | M10: 94999.695 | N10: 91906.012 | O10: 90386.835 | P10: 89509.354 | Q10: 85965.014 | R10: 50538.28
A11: 2009 | B11: 997737.94 | C11: 484158.28 | D11: 414454.76 | E11: 392343.65 | F11: 331421.19 | G11: 285320.65 | H11: 257014.22 | I11: 208149.44 | J11: 170795.52 | K11: 155299.57 | L11: 145223.2 | M11: 112199.93 | N11: 56824.491 | O11: 56824.491 | P11: 56824.491 | Q11: 56824.491
A12: 2010 | B12: 1117025.1 | C12: 687497.72 | D12: 445395.51 | E12: 283728 | F12: 183663.94 | G12: 159112.89 | H12: 100339.23 | I12: 98146.052 | J12: 93826.223 | K12: 93026.743 | L12: 92384.23 | M12: 92310.333 | N12: 91503.503 | O12: 90579.017 | P12: 82976.208
A13: 2011 | B13: 1680318.4 | C13: 1205350.4 | D13: 736378.55 | E13: 637570.03 | F13: 520981.56 | G13: 385581.36 | H13: 222229.4 | I13: 218640.36 | J13: 210332.22 | K13: 196270.89 | L13: 186651.02 | M13: 167454.78 | N13: 157783.84 | O13: 151738.12
A14: 2012 | B14: 1079456.9 | C14: 672689.77 | D14: 507923.23 | E14: 355696.78 | F14: 346088.77 | G14: 339831.23 | H14: 329604.94 | I14: 291085.27 | J14: 259026.36 | K14: 254226.31 | L14: 222947.15 | M14: 161691.42 | N14: 113030.06
A15: 2013 | B15: 586603.93 | C15: 323052.27 | D15: 244421.09 | E15: 191564.52 | F15: 80516.216 | G15: 82357.89 | H15: 82009.41 | I15: 82009.41 | J15: 80643.756 | K15: 80643.756 | L15: 80632.539 | M15: 80632.539
A16: 2014 | B16: 1165275.4 | C16: 838759.51 | D16: 650678.24 | E16: 397464.15 | F16: 318448.66 | G16: 297559.52 | H16: 289740.96 | I16: 285919.29 | J16: 277750.85 | K16: 197678.51 | L16: 187392.85
A17: 2015 | B17: 3469173.3 | C17: 3004902.4 | D17: 2429455.2 | E17: 1768723.8 | F17: 1614976.1 | G17: 1361530.3 | H17: 1085916.5 | I17: 934657.66 | J17: 892864.8 | K17: 485366.82
A18: 2016 | B18: 2659540.2 | C18: 1873260.5 | D18: 1407669.9 | E18: 1208039.5 | F18: 1073273.1 | G18: 876334.49 | H18: 579996.65 | I18: 563973.19 | J18: 536954.32
A19: 2017 | B19: 1151508.7 | C19: 903370.76 | D19: 858033.91 | E19: 777593.86 | F19: 715485.47 | G19: 632430.91 | H19: 383073.27 | I19: 282349.22
A20: 2018 | B20: 2707908.7 | C20: 2060207.8 | D20: 1579605.6 | E20: 1029224.7 | F20: 912922.83 | G20: 792478.59 | H20: 657879.49
A21: 2019 | B21: 3090389.3 | C21: 2606001.4 | D21: 2025985.6 | E21: 1778973.3 | F21: 1408828.6 | G21: 984479.29
A22: 2020 | B22: 1255480.5 | C22: 811308.62 | D22: 679692.74 | E22: 575460.54 | F22: 565345.73
A23: 2021 | B23: 1416575.5 | C23: 1143375.8 | D23: 778908.42 | E23: 715308.24
A24: 2022 | B24: 1338332.5 | C24: 899028.82 | D24: 854569.68
A25: 2023 | B25: 1479597.5 | C25: 647622.64
A26: 2024 | B26: 869239.33

Sheet Diagnostics
A1: Post-Method Series Diagnostics
A2: Accident Period | B2: Ultimate Severity | C2: Ultimate Loss Rate | D2: Ultimate Frequency
A3: 2001 | B3: 4358.6642 | C3: 0.0096535337 | D3: 2.2147918e-06
A4: 2002 | B4: 3400.6825 | C4: 0.006869548 | D4: 2.0200498e-06
A5: 2003 | B5: 3272.8085 | C5: 0.0054844265 | D5: 1.6757554e-06
A6: 2004 | B6: 1784.5281 | C6: 0.0034157964 | D6: 1.9141175e-06
A7: 2005 | B7: 3590.7816 | C7: 0.0067245689 | D7: 1.8727312e-06
A8: 2006 | B8: 3026.184 | C8: 0.0043099618 | D8: 1.4242233e-06
A9: 2007 | B9: 10403.313 | C9: 0.013909731 | D9: 1.3370482e-06
A10: 2008 | B10: 4348.9142 | C10: 0.0039320167 | D10: 9.0413756e-07
A11: 2009 | B11: 3808.9496 | C11: 0.003308471 | D11: 8.6860457e-07
A12: 2010 | B12: 5005.3277 | C12: 0.0035986443 | D12: 7.1896277e-07
A13: 2011 | B13: 5913.1035 | C13: 0.0053010022 | D13: 8.9648391e-07
A14: 2012 | B14: 5003.318 | C14: 0.0033232038 | D14: 6.6419999e-07
... A26: 2024 | B26: 4280.3757 | C26: 0.0024543972 | D26: 5.7340695e-07
